course_viewed,resource_viewed,module_completed,cmi.interaction_answered,forum-topic_viewed,test_start,test_completed,discussion_viewed,module_viewed,discussion_create,homework_scored,homework_submit,attempt_viewed,link_viewed,assessment_viewed,homework_min_score,homework_avg_score,homework_max_score,test_min_score,test_avg_score,test_max_score,Place_in_course,Place_in_institution,successful_homeworks,successful_tests
0.0015873015873015873,0.00625,0.0,0.0,0.0,0.0,0.0,0.0,0.0,0.0,0.0,0.0,0.0,0.0,0.0,0.0,0.0,0.0,0.0,0.0,0.0,0.0,0.0,0.0,0.0
0.012698412698412698,0.0,0.0,0.0,0.0,0.0,0.0,0.0,0.0,0.0,0.0,0.0,0.0,0.0,0.0,0.0,0.0,0.0,0.0,0.0,0.0,0.0,0.0,0.0,0.0
0.8,0.46875,0.75,0.9236641221374046,0.4206642066420664,0.7333333333333333,0.7857142857142857,0.14013709063214014,0.08727272727272728,0.3333333333333333,0.7272727272727273,1.0,0.5031847133757962,0.13043478260869565,0.6229508196721312,0.85,0.98125,1.0,0.5,0.9545454545454546,1.0,0.5921787709497208,0.6009389671361501,0.7272727272727273,0.7857142857142857
0.3031746031746032,0.1625,0.7142857142857142,0.3053435114503817,0.2878228782287823,0.3333333333333333,0.3571428571428571,0.1447067783701447,0.04727272727272727,0.3333333333333333,0.6363636363636364,0.4545454545454546,0.1464968152866242,0.10869565217391304,0.4426229508196722,0.9,0.9857142857142858,1.0,0.75,0.925,1.0,0.5418994413407822,0.5492957746478874,0.6363636363636364,0.3571428571428571
0.20952380952380953,0.29375,0.6785714285714285,0.4427480916030534,0.14022140221402213,0.4666666666666667,0.5,0.06778370144706779,0.01090909090909091,0.3333333333333333,0.6363636363636364,0.4545454545454546,0.356687898089172,0.10869565217391304,0.3114754098360656,0.9,0.9857142857142858,1.0,0.866666666666667,0.9577380952380954,1.0,0.6703910614525141,0.6760563380281689,0.6363636363636364,0.5
0.22380952380952382,0.23750000000000002,0.0,0.0,1.0,0.0,0.0,1.0,1.0,0.16666666666666666,0.0,0.0,0.0,0.0,0.0,0.0,0.0,0.0,0.0,0.0,0.0,0.0,0.0,0.0,0.0
0.2,0.125,0.5357142857142857,0.26717557251908397,0.1143911439114391,0.26666666666666666,0.2857142857142857,0.03884234577303884,0.03636363636363636,0.3333333333333333,0.4545454545454546,0.2727272727272727,0.20382165605095542,0.06521739130434782,0.36065573770491804,0.5,0.85,1.0,0.5625,0.746875,1.0,0.07821229050279332,0.07042253521126751,0.4545454545454546,0.2857142857142857
0.08095238095238096,0.043750000000000004,0.5357142857142857,0.24427480916030533,0.07380073800738007,0.26666666666666666,0.2857142857142857,0.02817974105102818,0.023636363636363636,0.3333333333333333,0.5454545454545454,0.18181818181818182,0.25477707006369427,0.043478260869565216,0.22950819672131148,0.9,0.9833333333333334,1.0,0.6875,0.8885416666666668,1.0,0.4022346368715084,0.4037558685446009,0.5454545454545454,0.2857142857142857
0.4984126984126984,0.15000000000000002,0.6785714285714285,0.3282442748091603,0.19557195571955718,0.3333333333333333,0.3571428571428571,0.10053313023610054,0.016363636363636365,0.3333333333333333,0.6363636363636364,0.5454545454545454,0.45222929936305734,0.13043478260869565,0.29508196721311475,1.0,1.0,1.0,0.8125,0.9625,1.0,0.8212290502793298,0.8309859154929576,0.6363636363636364,0.3571428571428571
0.2111111111111111,0.23750000000000002,0.7142857142857142,0.5877862595419847,0.09594095940959409,0.5333333333333333,0.5714285714285714,0.024371667936024372,0.025454545454545455,0.16666666666666666,0.7272727272727273,0.6363636363636364,0.6369426751592357,0.043478260869565216,0.5409836065573771,0.9,0.9875,1.0,0.7,0.9625,1.0,0.7039106145251397,0.7183098591549294,0.7272727272727273,0.5714285714285714
0.19841269841269843,0.21250000000000002,0.75,0.3893129770992366,0.33948339483394835,0.3333333333333333,0.3571428571428571,0.13556740289413557,0.06,0.3333333333333333,0.5454545454545454,0.2727272727272727,0.5095541401273885,0.13043478260869565,0.8032786885245902,0.8,0.9666666666666667,1.0,1.0,1.0,1.0,0.7932960893854748,0.8075117370892019,0.5454545454545454,0.3571428571428571
0.11746031746031746,0.10625000000000001,0.5714285714285714,0.732824427480916,0.06642066420664207,0.6666666666666666,0.7142857142857142,0.020563594821020565,0.0,0.25,0.5454545454545454,0.36363636363636365,0.5859872611464968,0.043478260869565216,0.45901639344262296,0.5,0.7999999999999999,1.0,1.0,1.0,1.0,0.2793296089385475,0.27699530516431914,0.5454545454545454,0.7142857142857142
0.07460317460317462,0.10625000000000001,0.17857142857142855,0.12213740458015267,0.05166051660516605,0.06666666666666667,0.07142857142857142,0.016755521706016754,0.024545454545454544,0.08333333333333333,0.4545454545454546,0.18181818181818182,0.15286624203821658,0.0,0.13114754098360656,1.0,1.0,1.0,0.875,0.875,0.875,0.7541899441340782,0.7699530516431924,0.4545454545454546,0.07142857142857142
0.3031746031746032,0.23125,0.7857142857142857,0.6030534351145038,0.1881918819188192,0.6,0.6428571428571428,0.07920792079207921,0.08818181818181818,0.25,0.7272727272727273,0.4545454545454546,0.6560509554140128,0.10869565217391304,0.639344262295082,1.0,1.0,1.0,0.35,0.9277777777777777,1.0,0.553072625698324,0.5586854460093896,0.7272727272727273,0.6428571428571428
0.10317460317460318,0.2,0.6428571428571428,0.4351145038167939,0.07011070110701106,0.4666666666666667,0.5,0.021325209444021324,0.04363636363636364,0.25,0.5454545454545454,0.36363636363636365,0.27388535031847133,0.06521739130434782,0.4426229508196722,0.9,0.9833333333333334,1.0,0.15,0.732142857142857,0.933333333333333,0.12849162011173187,0.11267605633802824,0.5454545454545454,0.5
0.17142857142857143,0.1875,0.6428571428571428,0.35877862595419846,0.1070110701107011,0.3333333333333333,0.3571428571428571,0.028941355674028942,0.04,0.25,0.5454545454545454,0.2727272727272727,0.11464968152866242,0.08695652173913043,0.3278688524590164,0.9,0.9833333333333334,1.0,0.6875,0.7775000000000001,1.0,0.2122905027932961,0.18779342723004688,0.5454545454545454,0.3571428571428571
0.18253968253968256,0.23750000000000002,0.7142857142857142,0.45038167938931295,0.06273062730627306,0.4,0.42857142857142855,0.0357958872810358,0.014545454545454545,0.16666666666666666,0.7272727272727273,0.4545454545454546,0.5859872611464968,0.08695652173913043,0.3770491803278689,0.95,0.99375,1.0,1.0,1.0,1.0,0.9776536312849162,0.9812206572769954,0.7272727272727273,0.42857142857142855
0.1873015873015873,0.16875,0.46428571428571425,0.6793893129770993,0.047970479704797044,0.6,0.6428571428571428,0.024371667936024372,0.03090909090909091,0.0,0.5454545454545454,0.5454545454545454,0.5031847133757962,0.08695652173913043,0.4426229508196722,0.5,0.8833333333333333,1.0,0.35,0.9055555555555556,1.0,0.22905027932960897,0.21126760563380276,0.5454545454545454,0.6428571428571428
0.10793650793650794,0.21250000000000002,0.5714285714285714,0.34351145038167935,0.1070110701107011,0.3333333333333333,0.3571428571428571,0.025894897182025894,0.01090909090909091,0.3333333333333333,0.8181818181818182,0.4545454545454546,0.35031847133757965,0.08695652173913043,0.19672131147540983,1.0,1.0,1.0,0.8,0.9466666666666667,1.0,0.782122905027933,0.7934272300469484,0.8181818181818182,0.3571428571428571
0.5285714285714286,0.08750000000000001,0.3214285714285714,0.26717557251908397,0.2103321033210332,0.26666666666666666,0.2857142857142857,0.11348057882711349,0.07090909090909091,0.25,0.6363636363636364,0.2727272727272727,0.1337579617834395,0.0,0.8032786885245902,0.85,0.9785714285714285,1.0,0.5,0.7802083333333333,1.0,0.24581005586592197,0.23474178403755863,0.6363636363636364,0.2857142857142857
0.3126984126984127,0.35625,0.8214285714285714,0.48854961832061067,0.28413284132841327,0.4666666666666667,0.5,0.09291698400609293,0.04818181818181818,0.3333333333333333,0.6363636363636364,0.6363636363636364,0.27388535031847133,0.08695652173913043,0.5245901639344263,0.9,0.9857142857142858,1.0,1.0,1.0,1.0,0.9217877094972067,0.9342723004694836,0.6363636363636364,0.5
0.36984126984126986,0.18125000000000002,0.6785714285714285,0.6793893129770993,0.28044280442804426,0.6666666666666666,0.7142857142857142,0.1447067783701447,0.07909090909090909,0.41666666666666663,0.8181818181818182,0.5454545454545454,0.8853503184713376,0.021739130434782608,0.3770491803278689,0.9,0.9888888888888889,1.0,1.0,1.0,1.0,0.9497206703910615,0.9577464788732394,0.8181818181818182,0.7142857142857142
0.45714285714285713,0.3875,0.6785714285714285,0.6564885496183206,0.15498154981549814,0.6,0.7142857142857142,0.11271896420411272,0.02727272727272727,0.3333333333333333,0.7272727272727273,0.36363636363636365,0.4840764331210191,0.08695652173913043,1.0,0.5,0.9125,1.0,0.8,0.8966666666666668,1.0,0.24022346368715086,0.22535211267605626,0.7272727272727273,0.7142857142857142
1.0,0.23750000000000002,0.03571428571428571,0.0,0.7490774907749077,0.0,0.0,0.5262757044935263,0.045454545454545456,1.0,0.0,0.0,0.019108280254777073,0.06521739130434782,0.4754098360655738,0.0,0.0,0.0,0.0,0.0,0.0,0.0,0.0,0.0,0.0
0.17460317460317462,0.3375,0.6785714285714285,0.6259541984732824,0.1033210332103321,0.6,0.6428571428571428,0.057882711348057884,0.011818181818181818,0.3333333333333333,0.8181818181818182,0.36363636363636365,0.7452229299363058,0.13043478260869565,0.3114754098360656,0.5,0.9333333333333333,1.0,0.5,0.9444444444444444,1.0,0.36871508379888274,0.37089201877934275,0.8181818181818182,0.6428571428571428
0.053968253968253964,0.07500000000000001,0.03571428571428571,0.2748091603053435,0.04059040590405904,0.3333333333333333,0.3571428571428571,0.009900990099009901,0.0,0.08333333333333333,0.2727272727272727,0.09090909090909091,0.2229299363057325,0.021739130434782608,0.27868852459016397,0.5,0.6666666666666666,1.0,0.9375,0.9875,1.0,0.15642458100558654,0.136150234741784,0.2727272727272727,0.3571428571428571
0.3126984126984127,0.275,0.6071428571428571,0.0,0.15129151291512916,0.6666666666666666,0.0,0.12033511043412033,0.05272727272727273,0.3333333333333333,0.5454545454545454,0.2727272727272727,0.36305732484076436,0.06521739130434782,0.4098360655737705,0.8,0.9666666666666667,1.0,0.0,0.0,0.0,0.5977653631284916,0.6103286384976526,0.5454545454545454,0.0
0.3111111111111111,0.17500000000000002,0.6785714285714285,0.8244274809160305,0.27675276752767525,0.8,0.8571428571428571,0.10281797410510282,0.08181818181818182,0.3333333333333333,0.7272727272727273,0.4545454545454546,0.9554140127388535,0.15217391304347827,0.5081967213114754,0.9,0.9875,1.0,0.6,0.9666666666666667,1.0,0.6983240223463687,0.7136150234741782,0.7272727272727273,0.8571428571428571
0.2142857142857143,0.3375,0.6071428571428571,0.46564885496183206,0.1143911439114391,0.4,0.42857142857142855,0.048743335872048744,0.03636363636363636,0.25,0.8181818181818182,0.4545454545454546,0.37579617834394907,0.0,0.3114754098360656,0.75,0.9611111111111111,1.0,0.75,0.8819444444444445,1.0,0.3128491620111733,0.3145539906103285,0.8181818181818182,0.42857142857142855
0.19523809523809524,0.23750000000000002,0.5357142857142857,0.34351145038167935,0.03690036900369004,0.3333333333333333,0.3571428571428571,0.025894897182025894,0.03,0.25,0.2727272727272727,0.0,0.356687898089172,0.08695652173913043,0.3770491803278689,0.9,0.9666666666666667,1.0,0.6,0.8375,1.0,0.2011173184357543,0.17840375586854462,0.2727272727272727,0.3571428571428571
0.31746031746031744,0.1125,0.7142857142857142,0.46564885496183206,0.13284132841328414,0.4,0.42857142857142855,0.0891089108910891,0.034545454545454546,0.3333333333333333,0.6363636363636364,0.36363636363636365,0.4968152866242038,0.06521739130434782,0.5245901639344263,0.9,0.9857142857142858,1.0,0.6,0.8152777777777778,1.0,0.25698324022346375,0.24882629107981213,0.6363636363636364,0.42857142857142855
0.08412698412698413,0.0,0.46428571428571425,0.22900763358778625,0.01845018450184502,0.2,0.21428571428571427,0.008377760853008377,0.0,0.08333333333333333,0.5454545454545454,0.2727272727272727,0.1910828025477707,0.0,0.13114754098360656,0.0,0.8,0.0,0.625,0.7708333333333334,1.0,0.06145251396648044,0.05164319248826277,0.5454545454545454,0.21428571428571427
0.20476190476190476,0.07500000000000001,0.6785714285714285,0.6564885496183206,0.15129151291512916,0.6,0.6428571428571428,0.08301599390708302,0.045454545454545456,0.3333333333333333,0.7272727272727273,0.4545454545454546,0.6496815286624205,0.06521739130434782,0.639344262295082,0.9,0.9875,1.0,0.5,0.9444444444444444,1.0,0.5754189944134078,0.5821596244131456,0.7272727272727273,0.6428571428571428
0.1904761904761905,0.46875,0.6428571428571428,0.34351145038167935,0.1070110701107011,0.3333333333333333,0.3571428571428571,0.04798172124904798,0.022727272727272728,0.16666666666666666,0.7272727272727273,0.36363636363636365,0.17197452229299365,0.021739130434782608,0.26229508196721313,0.95,0.99375,1.0,0.75,0.9375,1.0,0.6759776536312849,0.6807511737089201,0.7272727272727273,0.3571428571428571
0.553968253968254,0.4375,0.6785714285714285,0.45038167938931295,0.3948339483394834,0.4,0.42857142857142855,0.15384615384615385,0.09909090909090909,0.3333333333333333,0.6363636363636364,0.4545454545454546,0.267515923566879,0.08695652173913043,0.49180327868852464,0.9,0.9857142857142858,1.0,1.0,1.0,1.0,0.9106145251396649,0.9248826291079814,0.6363636363636364,0.42857142857142855
0.37142857142857144,0.2,0.8571428571428571,0.6183206106870229,0.26199261992619927,0.5333333333333333,0.6428571428571428,0.10891089108910891,0.04454545454545455,0.41666666666666663,0.9090909090909092,0.4545454545454546,0.21019108280254778,1.0,0.4426229508196722,0.75,0.93,1.0,0.15,0.7370370370370369,1.0,0.11731843575418999,0.10328638497652565,0.9090909090909092,0.6428571428571428
0.2888888888888889,0.34375,0.7142857142857142,0.8549618320610687,0.15867158671586715,0.8666666666666667,0.9285714285714285,0.062452399086062454,0.03909090909090909,0.3333333333333333,0.7272727272727273,0.7272727272727273,0.9617834394904459,0.08695652173913043,0.5573770491803279,0.9,0.9875,1.0,1.0,1.0,1.0,0.9608938547486032,0.9671361502347419,0.7272727272727273,0.9285714285714285
0.3412698412698413,0.3375,0.75,0.8854961832061068,0.24723247232472323,0.8666666666666667,0.9285714285714285,0.09977151561309977,0.01818181818181818,0.25,0.7272727272727273,0.5454545454545454,0.3312101910828026,0.06521739130434782,0.49180327868852464,0.9,0.9875,1.0,0.6,0.9692307692307692,1.0,0.7094972067039107,0.7230046948356806,0.7272727272727273,0.9285714285714285
0.17777777777777778,0.6625000000000001,0.6071428571428571,0.45038167938931295,0.14760147601476015,0.4,0.42857142857142855,0.08606245239908607,0.03909090909090909,0.25,0.6363636363636364,0.4545454545454546,0.5987261146496815,0.13043478260869565,0.5573770491803279,0.5,0.9071428571428571,1.0,1.0,1.0,1.0,0.44692737430167606,0.45539906103286387,0.6363636363636364,0.42857142857142855
0.31746031746031744,0.275,0.8571428571428571,0.5343511450381679,0.19188191881918817,0.6,0.5714285714285714,0.08073115003808073,0.025454545454545455,0.3333333333333333,0.8181818181818182,0.4545454545454546,0.33757961783439494,0.043478260869565216,0.3114754098360656,0.85,0.9833333333333333,1.0,1.0,1.0,1.0,0.8938547486033521,0.9061032863849766,0.8181818181818182,0.5714285714285714
0.26031746031746034,0.2,0.6428571428571428,0.8015267175572519,0.18081180811808117,0.6666666666666666,0.7142857142857142,0.06626047220106626,0.04181818181818182,0.25,0.7272727272727273,0.36363636363636365,0.29936305732484075,0.08695652173913043,0.29508196721311475,0.9,0.9875,1.0,0.6,0.96,1.0,0.6815642458100559,0.6854460093896712,0.7272727272727273,0.7142857142857142
0.26666666666666666,0.3875,0.6785714285714285,0.5114503816793893,0.19557195571955718,0.4666666666666667,0.5,0.04188880426504189,0.024545454545454544,0.3333333333333333,0.6363636363636364,0.4545454545454546,0.36305732484076436,0.08695652173913043,0.24590163934426232,0.8,0.9714285714285714,1.0,0.8,0.9714285714285714,1.0,0.6648044692737431,0.6713615023474176,0.6363636363636364,0.5
0.18888888888888888,0.225,0.5714285714285714,0.5954198473282443,0.09594095940959409,0.5333333333333333,0.5714285714285714,0.0456968773800457,0.016363636363636365,0.3333333333333333,0.5454545454545454,0.2727272727272727,0.49044585987261147,0.08695652173913043,0.42622950819672134,0.9,0.9833333333333334,1.0,1.0,1.0,1.0,0.9217877094972067,0.9342723004694836,0.5454545454545454,0.5714285714285714
0.30158730158730157,1.0,0.75,0.46564885496183206,0.26199261992619927,0.4,0.42857142857142855,0.13937547600913938,0.05545454545454546,0.08333333333333333,0.6363636363636364,0.5454545454545454,0.33757961783439494,0.10869565217391304,0.5737704918032788,0.95,0.9928571428571429,1.0,0.8,0.9041666666666667,1.0,0.45810055865921795,0.46478873239436636,0.6363636363636364,0.42857142857142855
0.3904761904761905,0.45625000000000004,0.7142857142857142,0.0,0.12546125461254612,0.4,0.0,0.05940594059405941,0.022727272727272728,0.3333333333333333,0.9090909090909092,0.5454545454545454,0.3439490445859873,0.08695652173913043,0.3770491803278689,0.95,0.9949999999999999,1.0,0.0,0.0,0.0,0.9553072625698324,0.9624413145539906,0.9090909090909092,0.0
0.2619047619047619,0.41875,0.5357142857142857,0.34351145038167935,0.15129151291512916,0.3333333333333333,0.3571428571428571,0.07844630616907845,0.0,0.25,0.6363636363636364,0.36363636363636365,0.178343949044586,0.08695652173913043,0.29508196721311475,0.5,0.85,1.0,0.6,0.8949999999999999,1.0,0.16201117318435765,0.14084507042253525,0.6363636363636364,0.3571428571428571
0.28095238095238095,0.29375,0.6071428571428571,0.37404580152671757,0.17343173431734316,0.3333333333333333,0.3571428571428571,0.08073115003808073,0.07454545454545454,0.25,0.4545454545454546,0.18181818181818182,0.20382165605095542,0.021739130434782608,0.5081967213114754,0.9,0.9800000000000001,1.0,0.2,0.45249999999999996,0.6,0.04469273743016766,0.037558685446009266,0.4545454545454546,0.3571428571428571
0.3333333333333333,0.5125000000000001,0.7857142857142857,0.3893129770992366,0.18081180811808117,0.3333333333333333,0.3571428571428571,0.10281797410510282,0.07909090909090909,0.3333333333333333,0.8181818181818182,0.4545454545454546,0.2484076433121019,0.043478260869565216,0.36065573770491804,1.0,1.0,1.0,1.0,1.0,1.0,1.0,0.9999999999999999,0.8181818181818182,0.3571428571428571
0.35555555555555557,0.21875,1.0,0.3893129770992366,0.13653136531365312,0.3333333333333333,0.3571428571428571,0.06473724295506474,0.04,0.3333333333333333,0.6363636363636364,0.2727272727272727,0.2356687898089172,0.021739130434782608,0.5737704918032788,0.9,0.9857142857142858,1.0,1.0,1.0,1.0,0.8994413407821229,0.9107981220657276,0.6363636363636364,0.3571428571428571
0.23333333333333334,0.1875,0.8571428571428571,0.5267175572519084,0.13653136531365312,0.4666666666666667,0.5,0.06778370144706779,0.05545454545454546,0.25,0.8181818181818182,0.36363636363636365,0.49044585987261147,0.06521739130434782,0.39344262295081966,0.9,0.9888888888888889,1.0,0.6,0.8499999999999999,1.0,0.3016759776536313,0.300469483568075,0.8181818181818182,0.5
0.2746031746031746,0.31875000000000003,0.75,0.6946564885496183,0.14760147601476015,0.5333333333333333,0.5714285714285714,0.05635948210205636,0.042727272727272725,0.3333333333333333,0.7272727272727273,0.5454545454545454,0.3439490445859873,0.15217391304347827,0.49180327868852464,0.9,0.9875,1.0,0.6,0.95,1.0,0.6201117318435754,0.6291079812206571,0.7272727272727273,0.5714285714285714
0.30952380952380953,0.21875,0.75,0.6946564885496183,0.25461254612546125,0.6666666666666666,0.7142857142857142,0.08149276466108149,0.023636363636363636,0.3333333333333333,0.6363636363636364,0.36363636363636365,0.6687898089171975,0.043478260869565216,0.6557377049180328,0.85,0.9785714285714285,1.0,0.15,0.915,1.0,0.3798882681564246,0.38497652582159625,0.6363636363636364,0.7142857142857142
0.26825396825396824,0.21250000000000002,0.75,0.3893129770992366,0.2177121771217712,0.3333333333333333,0.3571428571428571,0.09596344249809596,0.060909090909090906,0.3333333333333333,0.7272727272727273,0.4545454545454546,0.4840764331210191,0.15217391304347827,0.3114754098360656,0.8,0.975,1.0,1.0,1.0,1.0,0.8268156424581006,0.8356807511737089,0.7272727272727273,0.3571428571428571
0.2507936507936508,0.19375,0.7142857142857142,0.7251908396946565,0.14022140221402213,0.7333333333333333,0.7857142857142857,0.09444021325209444,0.02090909090909091,0.3333333333333333,0.6363636363636364,0.5454545454545454,0.5605095541401274,0.10869565217391304,0.3770491803278689,0.9,0.9857142857142858,1.0,1.0,1.0,1.0,0.9441340782122905,0.9530516431924884,0.6363636363636364,0.7857142857142857
0.09682539682539683,0.018750000000000003,0.5357142857142857,0.7022900763358778,0.0996309963099631,0.7333333333333333,0.7857142857142857,0.03808073115003808,0.022727272727272728,0.3333333333333333,0.5454545454545454,0.36363636363636365,0.4267515923566879,0.043478260869565216,0.42622950819672134,0.8,0.9666666666666667,1.0,0.866666666666667,0.9522727272727274,1.0,0.5083798882681565,0.5211267605633804,0.5454545454545454,0.7857142857142857
0.2253968253968254,0.08125,0.6428571428571428,0.2900763358778626,0.06273062730627306,0.26666666666666666,0.2857142857142857,0.02741812642802742,0.038181818181818185,0.16666666666666666,0.8181818181818182,0.5454545454545454,0.21656050955414013,0.043478260869565216,0.49180327868852464,0.5,0.9277777777777777,1.0,0.875,0.96875,1.0,0.3743016759776536,0.380281690140845,0.8181818181818182,0.2857142857142857
0.2841269841269841,0.28125,0.7142857142857142,0.3893129770992366,0.12915129151291513,0.3333333333333333,0.42857142857142855,0.07692307692307693,0.026363636363636363,0.3333333333333333,0.5454545454545454,0.36363636363636365,0.39490445859872614,0.06521739130434782,0.4754098360655738,0.8,0.9666666666666667,1.0,0.4,0.8895833333333334,1.0,0.3016759776536313,0.300469483568075,0.5454545454545454,0.42857142857142855
0.2619047619047619,0.23750000000000002,0.6428571428571428,0.42748091603053434,0.15498154981549814,0.5333333333333333,0.42857142857142855,0.08606245239908607,0.03272727272727273,0.3333333333333333,0.5454545454545454,0.36363636363636365,0.5923566878980892,0.19565217391304346,0.4426229508196722,0.85,0.975,1.0,0.8,0.9458333333333333,1.0,0.5418994413407822,0.5492957746478874,0.5454545454545454,0.42857142857142855
0.2619047619047619,0.21250000000000002,0.6428571428571428,0.8549618320610687,0.17343173431734316,0.8666666666666667,0.9285714285714285,0.07083015993907084,0.046363636363636364,0.16666666666666666,0.6363636363636364,0.36363636363636365,1.0,0.10869565217391304,0.639344262295082,0.9,0.9857142857142858,1.0,1.0,1.0,1.0,0.9553072625698324,0.9624413145539906,0.6363636363636364,0.9285714285714285
0.5349206349206349,0.3375,0.5,0.5801526717557252,0.33210332103321033,0.6,0.6428571428571428,0.22467631378522468,0.035454545454545454,0.25,0.5454545454545454,0.2727272727272727,0.37579617834394907,0.15217391304347827,0.5573770491803279,0.5,0.9,1.0,1.0,1.0,1.0,0.5363128491620112,0.5446009389671361,0.5454545454545454,0.6428571428571428
0.3666666666666667,0.25,0.7142857142857142,0.7557251908396946,0.2029520295202952,0.7333333333333333,0.7857142857142857,0.05864432597105865,0.023636363636363636,0.16666666666666666,0.7272727272727273,0.4545454545454546,0.7898089171974523,0.06521739130434782,0.5081967213114754,0.9,0.9875,1.0,0.55,0.9590909090909091,1.0,0.6592178770949721,0.6619718309859154,0.7272727272727273,0.7857142857142857
0.26825396825396824,0.0625,0.6785714285714285,0.45038167938931295,0.14391143911439114,0.4,0.42857142857142855,0.057882711348057884,0.035454545454545454,0.41666666666666663,0.7272727272727273,0.4545454545454546,0.267515923566879,0.10869565217391304,0.4426229508196722,0.85,0.98125,1.0,1.0,1.0,1.0,0.8659217877094971,0.8826291079812206,0.7272727272727273,0.42857142857142855
0.2111111111111111,0.11875000000000001,0.8214285714285714,1.0,0.27675276752767525,0.9333333333333333,1.0,0.07996953541507996,0.04090909090909091,0.3333333333333333,0.9090909090909092,0.5454545454545454,0.36305732484076436,0.10869565217391304,0.5081967213114754,0.85,0.985,1.0,0.45,0.9607142857142856,1.0,0.6536312849162011,0.6572769953051641,0.9090909090909092,1.0
0.9,0.1625,0.75,0.7404580152671756,0.8523985239852399,0.4666666666666667,0.6428571428571428,0.22315308453922317,0.1481818181818182,0.3333333333333333,0.6363636363636364,0.7272727272727273,0.4012738853503185,0.043478260869565216,0.3114754098360656,1.0,1.0,1.0,0.5,0.9444444444444444,1.0,0.6201117318435754,0.6291079812206571,0.6363636363636364,0.6428571428571428
0.33650793650793653,0.26875,0.6785714285714285,0.9236641221374046,0.23616236162361623,0.8666666666666667,0.9285714285714285,0.15156130997715156,0.034545454545454546,0.08333333333333333,0.6363636363636364,0.4545454545454546,0.36305732484076436,0.021739130434782608,0.4098360655737705,0.5,0.9142857142857144,1.0,0.8,0.9846153846153847,1.0,0.5307262569832403,0.5399061032863849,0.6363636363636364,0.9285714285714285
0.019047619047619046,0.125,0.0,0.0,0.007380073800738007,0.0,0.0,0.0,0.0,0.0,0.18181818181818182,0.0,0.0,0.0,0.01639344262295082,0.5,0.5,0.5,0.0,0.0,0.0,0.011173184357542054,0.009389671361502261,0.18181818181818182,0.0
0.16984126984126985,0.1375,0.7142857142857142,0.8473282442748091,0.12177121771217712,0.7333333333333333,0.7857142857142857,0.031226199543031227,0.016363636363636365,0.3333333333333333,0.8181818181818182,0.6363636363636364,0.6305732484076434,0.08695652173913043,0.45901639344262296,0.5,0.9277777777777777,1.0,1.0,1.0,1.0,0.6089385474860336,0.6197183098591549,0.8181818181818182,0.7857142857142857
0.4507936507936508,0.35625,0.7857142857142857,0.3969465648854962,0.35424354243542433,0.26666666666666666,0.2857142857142857,0.1408987052551409,0.025454545454545455,0.5,0.8181818181818182,0.4545454545454546,0.2929936305732484,0.021739130434782608,0.4098360655737705,0.95,0.9944444444444444,1.0,0.8125,0.921875,1.0,0.6759776536312849,0.6807511737089201,0.8181818181818182,0.2857142857142857
0.2111111111111111,0.43125,0.46428571428571425,0.48854961832061067,0.17712177121771217,0.4666666666666667,0.5,0.06626047220106626,0.02,0.3333333333333333,0.6363636363636364,0.4545454545454546,0.6114649681528663,0.06521739130434782,0.29508196721311475,0.95,0.9928571428571429,1.0,1.0,1.0,1.0,0.9776536312849162,0.9812206572769954,0.6363636363636364,0.5
0.16825396825396827,0.20625000000000002,0.5714285714285714,0.3893129770992366,0.08118081180811808,0.4,0.42857142857142855,0.06169078446306169,0.019090909090909092,0.25,0.7272727272727273,0.5454545454545454,0.30573248407643316,0.043478260869565216,0.36065573770491804,0.9,0.9875,1.0,0.5,0.7319444444444443,0.875,0.17877094972067054,0.15492957746478875,0.7272727272727273,0.42857142857142855
0.4031746031746032,0.34375,0.75,0.564885496183206,0.23985239852398524,0.6666666666666666,0.6428571428571428,0.09291698400609293,0.006363636363636364,0.25,0.8181818181818182,0.4545454545454546,0.7452229299363058,0.9782608695652174,0.36065573770491804,0.9,0.9888888888888889,1.0,0.8,0.9500000000000001,1.0,0.6312849162011174,0.6384976525821596,0.8181818181818182,0.6428571428571428
0.11111111111111112,0.13125,0.5714285714285714,0.4198473282442748,0.07380073800738007,0.3333333333333333,0.42857142857142855,0.025133282559025135,0.019090909090909092,0.25,0.7272727272727273,0.36363636363636365,0.3439490445859873,0.043478260869565216,0.19672131147540983,0.95,0.99375,1.0,0.55,0.9041666666666667,1.0,0.4916201117318437,0.4976525821596244,0.7272727272727273,0.42857142857142855
0.14444444444444446,0.03125,0.5714285714285714,0.26717557251908397,0.07749077490774907,0.26666666666666666,0.2857142857142857,0.03731911652703732,0.006363636363636364,0.3333333333333333,0.6363636363636364,0.4545454545454546,0.15286624203821658,0.021739130434782608,0.18032786885245902,0.5,0.7714285714285715,1.0,0.866666666666667,0.9510416666666668,1.0,0.1117318435754191,0.09859154929577452,0.6363636363636364,0.2857142857142857
0.18095238095238095,0.30625,0.8214285714285714,0.5343511450381679,0.1143911439114391,0.5333333333333333,0.5714285714285714,0.07616146230007616,0.03727272727272727,0.3333333333333333,0.7272727272727273,0.4545454545454546,0.5159235668789809,0.08695652173913043,0.27868852459016397,0.85,0.98125,1.0,1.0,1.0,1.0,0.8826815642458101,0.8967136150234741,0.7272727272727273,0.5714285714285714
0.173015873015873,0.1,0.5714285714285714,0.48854961832061067,0.1070110701107011,0.4666666666666667,0.5,0.04722010662604722,0.015454545454545455,0.3333333333333333,0.5454545454545454,0.36363636363636365,0.5159235668789809,0.06521739130434782,0.29508196721311475,0.85,0.975,1.0,0.466666666666667,0.9238095238095239,1.0,0.4245810055865923,0.43661971830985913,0.5454545454545454,0.5
0.26666666666666666,0.24375000000000002,0.8928571428571428,0.3893129770992366,0.28413284132841327,0.3333333333333333,0.3571428571428571,0.16374714394516376,0.04909090909090909,0.3333333333333333,0.8181818181818182,0.5454545454545454,0.4267515923566879,0.13043478260869565,0.5245901639344263,0.8,0.9777777777777779,1.0,0.866666666666667,0.9483333333333335,1.0,0.6033519553072626,0.6150234741784036,0.8181818181818182,0.3571428571428571
0.2507936507936508,0.26875,0.6785714285714285,0.3893129770992366,0.22509225092250923,0.3333333333333333,0.3571428571428571,0.08073115003808073,0.053636363636363635,0.3333333333333333,0.9090909090909092,0.4545454545454546,0.4585987261146497,0.08695652173913043,0.3114754098360656,1.0,1.0,1.0,1.0,1.0,1.0,1.0,0.9999999999999999,0.9090909090909092,0.3571428571428571
0.2380952380952381,0.5125000000000001,0.6428571428571428,0.6946564885496183,0.13653136531365312,0.7333333333333333,0.7857142857142857,0.0654988575780655,0.03,0.3333333333333333,0.7272727272727273,0.4545454545454546,0.6178343949044587,0.08695652173913043,0.3442622950819672,0.85,0.98125,1.0,1.0,1.0,1.0,0.9050279329608939,0.9154929577464789,0.7272727272727273,0.7857142857142857
0.2904761904761905,0.31875000000000003,0.6785714285714285,0.9694656488549618,0.11070110701107011,0.9333333333333333,1.0,0.06626047220106626,0.03727272727272727,0.3333333333333333,0.6363636363636364,0.6363636363636364,0.4394904458598726,0.08695652173913043,0.6065573770491803,0.9,0.9857142857142858,1.0,0.45,0.9607142857142856,1.0,0.6256983240223466,0.6338028169014084,0.6363636363636364,1.0
0.23492063492063492,0.34375,0.7857142857142857,0.4580152671755725,0.19557195571955718,0.4666666666666667,0.5,0.055597867479055596,0.0027272727272727275,0.25,0.7272727272727273,0.4545454545454546,0.178343949044586,0.043478260869565216,0.4754098360655738,0.5,0.925,1.0,0.6,0.8267857142857142,1.0,0.18435754189944142,0.15962441314553988,0.7272727272727273,0.5
0.2365079365079365,0.24375000000000002,0.75,0.48854961832061067,0.16605166051660517,0.4666666666666667,0.5,0.05483625285605484,0.042727272727272725,0.3333333333333333,0.6363636363636364,0.5454545454545454,0.5923566878980892,0.043478260869565216,0.36065573770491804,0.9,0.9857142857142858,1.0,1.0,1.0,1.0,0.9217877094972067,0.9342723004694836,0.6363636363636364,0.5
0.4857142857142857,0.50625,0.7142857142857142,0.6259541984732824,0.6125461254612546,0.6,0.7142857142857142,0.09520182787509521,0.034545454545454546,0.3333333333333333,0.7272727272727273,0.5454545454545454,0.3184713375796179,0.13043478260869565,0.4426229508196722,0.85,0.98125,1.0,0.4,0.92125,1.0,0.4357541899441342,0.4460093896713614,0.7272727272727273,0.7142857142857142
0.19365079365079366,0.06875,0.6428571428571428,0.7862595419847328,0.18081180811808117,0.8,0.8571428571428571,0.07844630616907845,0.056363636363636366,0.3333333333333333,0.7272727272727273,0.36363636363636365,0.27388535031847133,0.08695652173913043,0.29508196721311475,0.95,0.99375,1.0,1.0,1.0,1.0,0.9944134078212292,0.9953051643192489,0.7272727272727273,0.8571428571428571
0.2253968253968254,0.1125,0.5714285714285714,0.45038167938931295,0.12177121771217712,0.4,0.42857142857142855,0.053313023610053314,0.0036363636363636364,0.25,0.8181818181818182,0.4545454545454546,0.445859872611465,0.021739130434782608,0.24590163934426232,0.5,0.8722222222222222,1.0,1.0,1.0,1.0,0.26256983240223475,0.26291079812206564,0.8181818181818182,0.42857142857142855
0.21746031746031746,0.14375000000000002,0.46428571428571425,0.38167938931297707,0.16605166051660517,0.4,0.42857142857142855,0.08149276466108149,0.10363636363636364,0.16666666666666666,0.5454545454545454,0.2727272727272727,0.25477707006369427,0.021739130434782608,0.49180327868852464,0.95,0.9916666666666667,1.0,0.666666666666667,0.7131944444444446,0.8125,0.13966480446927376,0.1220657276995305,0.5454545454545454,0.42857142857142855
0.2142857142857143,0.09375,0.8571428571428571,0.26717557251908397,0.16236162361623616,0.3333333333333333,0.2857142857142857,0.07768469154607768,0.03727272727272727,0.3333333333333333,0.7272727272727273,0.5454545454545454,0.15923566878980894,0.10869565217391304,0.5901639344262295,0.95,0.99375,1.0,0.866666666666667,0.9041666666666668,1.0,0.5698324022346368,0.5774647887323944,0.7272727272727273,0.2857142857142857
0.19523809523809524,0.20625000000000002,0.75,0.3282442748091603,0.06273062730627306,0.3333333333333333,0.3571428571428571,0.025133282559025135,0.02181818181818182,0.25,0.6363636363636364,0.4545454545454546,0.21656050955414013,0.06521739130434782,0.27868852459016397,0.9,0.9857142857142858,1.0,1.0,1.0,1.0,0.8994413407821229,0.9107981220657276,0.6363636363636364,0.3571428571428571
0.09206349206349207,0.10625000000000001,0.6071428571428571,0.26717557251908397,0.05166051660516605,0.26666666666666666,0.2857142857142857,0.021325209444021324,0.01818181818181818,0.25,0.6363636363636364,0.6363636363636364,0.2802547770700637,0.043478260869565216,0.27868852459016397,0.9,0.9857142857142858,1.0,0.6,0.7572916666666668,0.866666666666667,0.23463687150837986,0.22065727699530513,0.6363636363636364,0.2857142857142857
0.2634920634920635,0.15625,0.6785714285714285,0.648854961832061,0.14760147601476015,0.6,0.6428571428571428,0.04493526275704494,0.026363636363636363,0.3333333333333333,0.6363636363636364,0.5454545454545454,0.8471337579617835,0.13043478260869565,0.42622950819672134,0.75,0.9642857142857143,1.0,0.5,0.837037037037037,1.0,0.22346368715083798,0.20187793427230039,0.6363636363636364,0.6428571428571428
0.1873015873015873,0.26875,0.7142857142857142,0.6870229007633587,0.0996309963099631,0.6666666666666666,0.7142857142857142,0.06626047220106626,0.023636363636363636,0.3333333333333333,0.7272727272727273,0.5454545454545454,0.6114649681528663,0.10869565217391304,0.5409836065573771,0.8,0.975,1.0,1.0,1.0,1.0,0.8603351955307263,0.8779342723004694,0.7272727272727273,0.7142857142857142
0.35714285714285715,0.30625,0.5714285714285714,0.2213740458015267,0.18450184501845018,0.26666666666666666,0.2857142857142857,0.07920792079207921,0.045454545454545456,0.25,0.4545454545454546,0.2727272727272727,0.1337579617834395,0.06521739130434782,0.8360655737704918,0.9,0.9800000000000001,1.0,0.7,0.8625,1.0,0.2905027932960894,0.29107981220657264,0.4545454545454546,0.2857142857142857
0.18571428571428572,0.36875,0.6428571428571428,0.4351145038167939,0.08487084870848709,0.4,0.42857142857142855,0.026656511805026657,0.017272727272727273,0.3333333333333333,0.6363636363636364,0.5454545454545454,0.28662420382165604,0.08695652173913043,0.22950819672131148,1.0,1.0,1.0,0.875,0.9791666666666666,1.0,0.8770949720670391,0.8920187793427229,0.6363636363636364,0.42857142857142855
0.173015873015873,0.35000000000000003,0.6785714285714285,0.3893129770992366,0.14760147601476015,0.3333333333333333,0.3571428571428571,0.06702208682406702,0.01818181818181818,0.3333333333333333,0.8181818181818182,0.4545454545454546,0.4840764331210191,0.021739130434782608,0.24590163934426232,0.85,0.9833333333333333,1.0,1.0,1.0,1.0,0.8659217877094971,0.8826291079812206,0.8181818181818182,0.3571428571428571
0.28253968253968254,0.19375,0.75,0.5419847328244275,0.25461254612546125,0.4,0.42857142857142855,0.09900990099009901,0.03636363636363636,0.3333333333333333,0.6363636363636364,0.4545454545454546,0.1910828025477707,0.043478260869565216,0.639344262295082,0.85,0.9785714285714285,1.0,0.5,0.875,1.0,0.3184357541899443,0.31924882629107965,0.6363636363636364,0.42857142857142855
0.18888888888888888,0.3125,0.6428571428571428,0.38167938931297707,0.1070110701107011,0.4,0.42857142857142855,0.017517136329017517,0.016363636363636365,0.3333333333333333,0.5454545454545454,0.36363636363636365,0.43312101910828027,0.043478260869565216,0.49180327868852464,0.95,0.9916666666666667,1.0,0.8,0.9354166666666667,1.0,0.5642458100558658,0.5680751173708921,0.5454545454545454,0.42857142857142855
0.346031746031746,0.70625,0.7857142857142857,0.46564885496183206,0.4059040590405904,0.4,0.42857142857142855,0.17593297791317594,0.0809090909090909,0.3333333333333333,0.6363636363636364,0.9090909090909092,0.3821656050955414,0.15217391304347827,0.5081967213114754,0.95,0.9928571428571429,1.0,0.6,0.9333333333333332,1.0,0.5810055865921786,0.5868544600938966,0.6363636363636364,0.42857142857142855
0.2698412698412698,0.19375,0.6428571428571428,0.5343511450381679,0.19557195571955718,0.5333333333333333,0.5714285714285714,0.07692307692307693,0.06636363636363636,0.3333333333333333,0.6363636363636364,0.4545454545454546,0.7515923566878981,0.021739130434782608,0.3278688524590164,0.5,0.9142857142857144,1.0,1.0,1.0,1.0,0.5363128491620112,0.5446009389671361,0.6363636363636364,0.5714285714285714
0.21904761904761905,0.1875,0.7142857142857142,0.46564885496183206,0.07011070110701106,0.4666666666666667,0.5,0.05255140898705255,0.024545454545454544,0.3333333333333333,0.6363636363636364,0.4545454545454546,0.535031847133758,0.08695652173913043,0.3278688524590164,0.9,0.9857142857142858,1.0,1.0,1.0,1.0,0.9217877094972067,0.9342723004694836,0.6363636363636364,0.5
0.22063492063492063,0.14375000000000002,0.6785714285714285,0.7786259541984732,0.16236162361623616,0.6,0.6428571428571428,0.039603960396039604,0.03272727272727273,0.3333333333333333,0.7272727272727273,0.5454545454545454,0.6369426751592357,0.06521739130434782,0.5409836065573771,1.0,1.0,1.0,1.0,1.0,1.0,1.0,0.9999999999999999,0.7272727272727273,0.6428571428571428
0.1349206349206349,0.03125,0.5,0.41221374045801523,0.07749077490774907,0.3333333333333333,0.3571428571428571,0.026656511805026657,0.0009090909090909091,0.25,0.6363636363636364,0.4545454545454546,0.5605095541401274,0.08695652173913043,0.22950819672131148,0.5,0.8428571428571429,1.0,0.625,0.8099999999999999,1.0,0.09497206703910621,0.08450704225352101,0.6363636363636364,0.3571428571428571
0.22380952380952382,0.21875,0.6785714285714285,0.3893129770992366,0.1070110701107011,0.3333333333333333,0.3571428571428571,0.04188880426504189,0.022727272727272728,0.3333333333333333,0.6363636363636364,0.4545454545454546,0.5923566878980892,0.08695652173913043,0.42622950819672134,0.85,0.9785714285714285,1.0,1.0,1.0,1.0,0.8435754189944136,0.8638497652582159,0.6363636363636364,0.3571428571428571
0.1873015873015873,0.35625,0.75,0.7938931297709924,0.11808118081180811,0.8,0.8571428571428571,0.060167555217060166,0.05181818181818182,0.25,0.6363636363636364,0.5454545454545454,0.5796178343949044,0.021739130434782608,0.4426229508196722,0.85,0.9785714285714285,1.0,0.7,0.975,1.0,0.7150837988826815,0.7276995305164319,0.6363636363636364,0.8571428571428571
0.20952380952380953,0.31875000000000003,0.5714285714285714,0.47328244274809156,0.1881918819188192,0.4666666666666667,0.5,0.06092916984006093,0.0036363636363636364,0.3333333333333333,0.6363636363636364,0.36363636363636365,0.2229299363057325,0.043478260869565216,0.5081967213114754,0.5,0.85,1.0,1.0,1.0,1.0,0.27374301675977664,0.272300469483568,0.6363636363636364,0.5
0.6317460317460317,0.75,0.6785714285714285,0.3893129770992366,0.6383763837638377,0.3333333333333333,0.3571428571428571,0.19801980198019803,0.08272727272727273,0.3333333333333333,0.8181818181818182,0.4545454545454546,0.4140127388535032,0.8043478260869565,0.42622950819672134,0.9,0.9888888888888889,1.0,1.0,1.0,1.0,0.9217877094972067,0.9342723004694836,0.8181818181818182,0.3571428571428571
0.24761904761904763,0.1875,0.7142857142857142,0.26717557251908397,0.14760147601476015,0.26666666666666666,0.2857142857142857,0.0913937547600914,0.045454545454545456,0.3333333333333333,0.7272727272727273,0.4545454545454546,0.3184713375796179,0.06521739130434782,0.3770491803278689,0.85,0.98125,1.0,0.75,0.875,1.0,0.4134078212290503,0.4178403755868544,0.7272727272727273,0.2857142857142857
0.14761904761904762,0.043750000000000004,0.7857142857142857,0.183206106870229,0.06273062730627306,0.2,0.21428571428571427,0.017517136329017517,0.0027272727272727275,0.16666666666666666,0.36363636363636365,0.2727272727272727,0.17197452229299365,0.021739130434782608,0.26229508196721313,0.5,0.875,1.0,0.8,0.9,1.0,0.1955307262569833,0.17370892018779338,0.36363636363636365,0.21428571428571427
0.19682539682539682,0.19375,0.6428571428571428,0.3053435114503817,0.16974169741697417,0.3333333333333333,0.3571428571428571,0.048743335872048744,0.022727272727272728,0.25,0.6363636363636364,0.4545454545454546,0.37579617834394907,0.10869565217391304,0.29508196721311475,0.9,0.9857142857142858,1.0,0.6875,0.8474999999999999,1.0,0.2960893854748604,0.29577464788732377,0.6363636363636364,0.3571428571428571
0.2111111111111111,0.16875,0.75,0.5572519083969465,0.2693726937269373,0.5333333333333333,0.5714285714285714,0.08758568164508759,0.026363636363636363,0.3333333333333333,0.7272727272727273,0.4545454545454546,0.6305732484076434,0.06521739130434782,0.29508196721311475,0.85,0.98125,1.0,1.0,1.0,1.0,0.8826815642458101,0.8967136150234741,0.7272727272727273,0.5714285714285714
0.2746031746031746,0.325,0.7142857142857142,0.648854961832061,0.14391143911439114,0.4666666666666667,0.5,0.10967250571210968,0.024545454545454544,0.3333333333333333,0.7272727272727273,0.5454545454545454,0.3312101910828026,0.043478260869565216,0.5409836065573771,0.9,0.9875,1.0,1.0,1.0,1.0,0.9273743016759777,0.9389671361502349,0.7272727272727273,0.5
0.19841269841269843,0.21250000000000002,0.7142857142857142,0.5725190839694656,0.12177121771217712,0.4666666666666667,0.5714285714285714,0.06702208682406702,0.034545454545454546,0.3333333333333333,0.7272727272727273,0.4545454545454546,0.3121019108280255,0.043478260869565216,0.4426229508196722,0.85,0.98125,1.0,1.0,1.0,1.0,0.8826815642458101,0.8967136150234741,0.7272727272727273,0.5714285714285714
0.5523809523809524,0.525,0.6785714285714285,0.42748091603053434,0.2952029520295203,0.4,0.42857142857142855,0.12338156892612338,0.05090909090909091,0.16666666666666666,0.8181818181818182,0.7272727272727273,0.5095541401273885,0.06521739130434782,0.27868852459016397,0.95,0.9944444444444444,1.0,1.0,1.0,1.0,0.9832402234636872,0.9859154929577464,0.8181818181818182,0.42857142857142855
0.11111111111111112,0.1375,0.6785714285714285,0.45038167938931295,0.08487084870848709,0.4,0.42857142857142855,0.014470677837014471,0.01,0.3333333333333333,0.7272727272727273,0.6363636363636364,0.4968152866242038,0.08695652173913043,0.26229508196721313,0.95,0.99375,1.0,1.0,1.0,1.0,0.9776536312849162,0.9812206572769954,0.7272727272727273,0.42857142857142855
0.16666666666666669,0.26875,0.7142857142857142,0.6564885496183206,0.12546125461254612,0.6,0.6428571428571428,0.05026656511805027,0.03,0.3333333333333333,0.7272727272727273,0.4545454545454546,0.3312101910828026,0.043478260869565216,0.4426229508196722,0.9,0.9875,1.0,1.0,1.0,1.0,0.9385474860335197,0.9483568075117371,0.7272727272727273,0.6428571428571428
0.19682539682539682,0.1875,0.75,0.9083969465648855,0.06273062730627306,0.8666666666666667,0.9285714285714285,0.04950495049504951,0.02,0.3333333333333333,0.7272727272727273,0.5454545454545454,0.9617834394904459,0.08695652173913043,0.39344262295081966,0.85,0.98125,1.0,1.0,1.0,1.0,0.9217877094972067,0.9342723004694836,0.7272727272727273,0.9285714285714285
0.3666666666666667,0.21875,0.6428571428571428,0.732824427480916,0.15867158671586715,0.8,0.8571428571428571,0.05255140898705255,0.02181818181818182,0.3333333333333333,0.7272727272727273,0.4545454545454546,0.29936305732484075,0.13043478260869565,0.639344262295082,0.8,0.975,1.0,1.0,1.0,1.0,0.8715083798882681,0.8873239436619716,0.7272727272727273,0.8571428571428571
0.08730158730158731,0.16875,0.5,0.4351145038167939,0.12177121771217712,0.4,0.42857142857142855,0.04112718964204113,0.02090909090909091,0.3333333333333333,0.6363636363636364,0.4545454545454546,0.4585987261146497,0.06521739130434782,0.26229508196721313,0.5,0.9,1.0,1.0,1.0,1.0,0.4189944134078212,0.4225352112676056,0.6363636363636364,0.42857142857142855
0.13968253968253969,0.21875,0.75,0.3129770992366412,0.2029520295202952,0.3333333333333333,0.3571428571428571,0.0654988575780655,0.012727272727272728,0.3333333333333333,0.7272727272727273,0.4545454545454546,0.3821656050955414,0.06521739130434782,0.19672131147540983,0.95,0.99375,1.0,1.0,1.0,1.0,0.9720670391061454,0.9765258215962441,0.7272727272727273,0.3571428571428571
0.18095238095238095,0.23125,0.7142857142857142,0.5114503816793893,0.15867158671586715,0.4666666666666667,0.5,0.07235338918507235,0.02727272727272727,0.08333333333333333,0.8181818181818182,0.5454545454545454,0.49044585987261147,0.021739130434782608,0.4098360655737705,0.95,0.9944444444444444,1.0,0.5,0.9285714285714286,1.0,0.5865921787709498,0.5962441314553991,0.8181818181818182,0.5
0.18571428571428572,0.39375000000000004,0.6785714285714285,0.5343511450381679,0.11070110701107011,0.5333333333333333,0.5714285714285714,0.06397562833206398,0.014545454545454545,0.41666666666666663,0.7272727272727273,0.4545454545454546,0.6433121019108281,0.0,0.29508196721311475,0.75,0.96875,1.0,1.0,1.0,1.0,0.8212290502793298,0.8309859154929576,0.7272727272727273,0.5714285714285714
0.2015873015873016,0.33125000000000004,0.7142857142857142,0.46564885496183206,0.15867158671586715,0.4,0.42857142857142855,0.04798172124904798,0.02181818181818182,0.3333333333333333,0.7272727272727273,0.4545454545454546,0.5031847133757962,0.17391304347826086,0.3278688524590164,0.8,0.975,1.0,0.625,0.9208333333333334,1.0,0.45251396648044695,0.4600938967136151,0.7272727272727273,0.42857142857142855
0.2634920634920635,0.18125000000000002,0.7142857142857142,0.8015267175572519,0.07749077490774907,0.8666666666666667,0.9285714285714285,0.026656511805026657,0.015454545454545455,0.3333333333333333,0.7272727272727273,0.4545454545454546,0.33757961783439494,0.4782608695652174,0.4098360655737705,0.9,0.9875,1.0,0.7,0.9769230769230769,1.0,0.776536312849162,0.7887323943661971,0.7272727272727273,0.9285714285714285
0.13968253968253969,0.36875,0.7142857142857142,0.26717557251908397,0.16236162361623616,0.3333333333333333,0.2857142857142857,0.09520182787509521,0.06,0.3333333333333333,0.7272727272727273,0.4545454545454546,0.3312101910828026,0.043478260869565216,0.21311475409836067,0.5,0.93125,1.0,0.8125,0.921875,1.0,0.2960893854748604,0.29577464788732377,0.7272727272727273,0.2857142857142857
0.12063492063492064,0.2,0.6785714285714285,0.3282442748091603,0.11808118081180811,0.3333333333333333,0.3571428571428571,0.08758568164508759,0.06,0.16666666666666666,0.8181818181818182,0.36363636363636365,0.4267515923566879,0.06521739130434782,0.22950819672131148,0.9,0.9888888888888889,1.0,1.0,1.0,1.0,0.9217877094972067,0.9342723004694836,0.8181818181818182,0.3571428571428571
0.34285714285714286,0.41250000000000003,0.6428571428571428,0.6106870229007634,0.16605166051660517,0.6666666666666666,0.6428571428571428,0.07235338918507235,0.016363636363636365,0.3333333333333333,0.8181818181818182,0.4545454545454546,0.5477707006369427,0.043478260869565216,0.42622950819672134,0.8,0.9777777777777779,1.0,1.0,1.0,1.0,0.8603351955307263,0.8779342723004694,0.8181818181818182,0.6428571428571428
0.14603174603174604,0.13125,0.5357142857142857,0.26717557251908397,0.09594095940959409,0.26666666666666666,0.2857142857142857,0.02741812642802742,0.004545454545454545,0.25,0.8181818181818182,0.2727272727272727,0.3312101910828026,0.043478260869565216,0.14754098360655737,0.5,0.8722222222222222,1.0,0.4,0.628125,0.8,0.07262569832402233,0.06103286384976514,0.8181818181818182,0.2857142857142857
0.14444444444444446,0.15000000000000002,0.9642857142857142,0.732824427480916,0.09225092250922509,0.6,0.7142857142857142,0.057882711348057884,0.02090909090909091,0.3333333333333333,0.6363636363636364,0.4545454545454546,0.5286624203821656,0.06521739130434782,0.5245901639344263,0.9,0.9857142857142858,1.0,0.6,0.96,1.0,0.6480446927374304,0.6525821596244131,0.6363636363636364,0.7142857142857142
0.10793650793650794,0.10625000000000001,0.6785714285714285,0.916030534351145,0.09225092250922509,0.8,0.8571428571428571,0.028941355674028942,0.01090909090909091,0.25,0.5454545454545454,0.2727272727272727,0.694267515923567,0.0,0.29508196721311475,0.5,0.9,1.0,0.5,0.9527777777777778,1.0,0.3351955307262571,0.3427230046948355,0.5454545454545454,0.8571428571428571
0.2873015873015873,0.225,0.5714285714285714,0.5343511450381679,0.12177121771217712,0.4666666666666667,0.5714285714285714,0.1172886519421173,0.034545454545454546,0.3333333333333333,0.5454545454545454,0.4545454545454546,0.40764331210191085,0.10869565217391304,0.3770491803278689,0.5,0.8916666666666666,1.0,1.0,1.0,1.0,0.48044692737430184,0.4882629107981221,0.5454545454545454,0.5714285714285714
0.1761904761904762,0.56875,0.6071428571428571,0.732824427480916,0.1992619926199262,0.7333333333333333,0.7857142857142857,0.06321401370906321,0.05454545454545454,0.3333333333333333,0.9090909090909092,0.4545454545454546,0.7579617834394905,0.06521739130434782,0.4098360655737705,0.9,0.99,1.0,0.7,0.9727272727272727,1.0,0.776536312849162,0.7887323943661971,0.9090909090909092,0.7857142857142857
0.09365079365079365,0.15625,0.6071428571428571,0.3893129770992366,0.09225092250922509,0.4,0.42857142857142855,0.05483625285605484,0.02090909090909091,0.3333333333333333,0.6363636363636364,0.2727272727272727,0.22929936305732485,0.021739130434782608,0.26229508196721313,0.95,0.9928571428571429,1.0,0.0,0.6979166666666666,1.0,0.15083798882681565,0.13145539906103287,0.6363636363636364,0.42857142857142855
0.36984126984126986,0.15000000000000002,0.8214285714285714,0.6030534351145038,0.5239852398523985,0.5333333333333333,0.6428571428571428,0.0715917745620716,0.05545454545454546,0.5833333333333333,0.8181818181818182,0.4545454545454546,0.5605095541401274,0.06521739130434782,0.45901639344262296,1.0,1.0,1.0,0.7,0.9527777777777777,1.0,0.7206703910614525,0.7323943661971831,0.8181818181818182,0.6428571428571428
0.15396825396825398,0.125,0.6071428571428571,0.42748091603053434,0.1143911439114391,0.4,0.42857142857142855,0.03274942878903275,0.02181818181818182,0.3333333333333333,0.6363636363636364,0.4545454545454546,0.5031847133757962,0.043478260869565216,0.19672131147540983,0.9,0.9857142857142858,1.0,1.0,1.0,1.0,0.9106145251396649,0.9248826291079814,0.6363636363636364,0.42857142857142855
0.18095238095238095,0.59375,0.7142857142857142,0.4427480916030534,0.17343173431734316,0.4,0.42857142857142855,0.09291698400609293,0.04090909090909091,0.3333333333333333,0.8181818181818182,0.5454545454545454,0.5477707006369427,0.043478260869565216,0.5901639344262295,0.9,0.9888888888888889,1.0,1.0,1.0,1.0,0.9273743016759777,0.9389671361502349,0.8181818181818182,0.42857142857142855
0.07142857142857144,0.14375000000000002,0.5357142857142857,0.183206106870229,0.07749077490774907,0.13333333333333333,0.21428571428571427,0.03351104341203351,0.02090909090909091,0.16666666666666666,0.6363636363636364,0.2727272727272727,0.12101910828025478,0.021739130434782608,0.27868852459016397,0.9,0.9857142857142858,1.0,0.875,0.9583333333333334,1.0,0.7262569832402235,0.7464788732394366,0.6363636363636364,0.21428571428571427
0.11904761904761905,0.15625,0.6785714285714285,0.6717557251908397,0.1033210332103321,0.6,0.5714285714285714,0.05483625285605484,0.05090909090909091,0.08333333333333333,1.0,0.5454545454545454,0.29936305732484075,0.13043478260869565,0.26229508196721313,0.9,0.990909090909091,1.0,1.0,1.0,1.0,0.9497206703910615,0.9577464788732394,1.0,0.5714285714285714
0.17142857142857143,0.10625000000000001,0.46428571428571425,0.6870229007633587,0.06273062730627306,0.6,0.7142857142857142,0.017517136329017517,0.0,0.25,0.5454545454545454,0.4545454545454546,0.5923566878980892,0.021739130434782608,0.39344262295081966,0.5,0.9166666666666666,1.0,1.0,1.0,1.0,0.6201117318435754,0.6291079812206571,0.5454545454545454,0.7142857142857142
0.1126984126984127,0.26875,0.75,0.35877862595419846,0.1033210332103321,0.4,0.42857142857142855,0.03731911652703732,0.011818181818181818,0.16666666666666666,0.6363636363636364,0.36363636363636365,0.1337579617834395,0.043478260869565216,0.4098360655737705,0.95,0.9928571428571429,1.0,1.0,1.0,1.0,0.9720670391061454,0.9765258215962441,0.6363636363636364,0.42857142857142855
0.14761904761904762,0.24375000000000002,0.6428571428571428,0.4198473282442748,0.08856088560885608,0.4,0.42857142857142855,0.04188880426504189,0.017272727272727273,0.3333333333333333,0.5454545454545454,0.36363636363636365,0.15286624203821658,0.043478260869565216,0.3442622950819672,0.5,0.9,1.0,0.05,0.6159722222222221,0.933333333333333,0.050279329608938605,0.04225352112676051,0.5454545454545454,0.42857142857142855
0.19206349206349208,0.35625,0.75,0.5038167938931297,0.1143911439114391,0.4666666666666667,0.5,0.04036557501904037,0.02181818181818182,0.3333333333333333,0.7272727272727273,0.36363636363636365,0.3184713375796179,0.06521739130434782,0.27868852459016397,0.9,0.9875,1.0,0.875,0.9678571428571429,1.0,0.7374301675977655,0.7558685446009389,0.7272727272727273,0.5
0.1904761904761905,0.13125,0.75,0.4961832061068702,0.12546125461254612,0.4666666666666667,0.5,0.057882711348057884,0.01818181818181818,0.3333333333333333,0.7272727272727273,0.4545454545454546,0.4840764331210191,0.043478260869565216,0.3114754098360656,0.5,0.925,1.0,1.0,1.0,1.0,0.5363128491620112,0.5446009389671361,0.7272727272727273,0.5
0.1142857142857143,0.28125,0.6428571428571428,0.41221374045801523,0.07380073800738007,0.4,0.42857142857142855,0.022086824067022087,0.01818181818181818,0.3333333333333333,0.7272727272727273,0.4545454545454546,0.2356687898089172,0.06521739130434782,0.18032786885245902,0.9,0.9875,1.0,1.0,1.0,1.0,0.9217877094972067,0.9342723004694836,0.7272727272727273,0.42857142857142855
0.22857142857142856,0.1625,0.7142857142857142,0.7480916030534351,0.2177121771217712,0.8666666666666667,0.8571428571428571,0.06169078446306169,0.03090909090909091,0.3333333333333333,0.7272727272727273,0.4545454545454546,0.2929936305732484,0.08695652173913043,0.39344262295081966,0.9,0.9875,1.0,0.5,0.9583333333333334,1.0,0.6368715083798884,0.6431924882629106,0.7272727272727273,0.8571428571428571
0.15396825396825398,0.14375000000000002,0.7142857142857142,0.732824427480916,0.1070110701107011,0.7333333333333333,0.7857142857142857,0.04265041888804265,0.016363636363636365,0.3333333333333333,0.8181818181818182,0.4545454545454546,0.5477707006369427,0.13043478260869565,0.639344262295082,0.9,0.9888888888888889,1.0,0.7,0.9727272727272727,1.0,0.7597765363128492,0.7746478873239436,0.8181818181818182,0.7857142857142857
0.22063492063492063,0.08750000000000001,0.5357142857142857,0.38167938931297707,0.08487084870848709,0.3333333333333333,0.42857142857142855,0.0357958872810358,0.014545454545454545,0.3333333333333333,0.6363636363636364,0.36363636363636365,0.3821656050955414,0.043478260869565216,0.4426229508196722,1.0,1.0,1.0,0.625,0.8833333333333333,1.0,0.4189944134078212,0.4225352112676056,0.6363636363636364,0.42857142857142855
0.11746031746031746,0.29375,0.6428571428571428,0.34351145038167935,0.08487084870848709,0.3333333333333333,0.3571428571428571,0.04341203351104341,0.016363636363636365,0.08333333333333333,0.6363636363636364,0.36363636363636365,0.3312101910828026,0.13043478260869565,0.21311475409836067,0.95,0.9928571428571429,1.0,0.6875,0.8975,1.0,0.46927374301675995,0.4741784037558686,0.6363636363636364,0.3571428571428571
0.24603174603174605,0.2625,0.6785714285714285,0.6030534351145038,0.28044280442804426,0.5333333333333333,0.5714285714285714,0.21706016755521707,0.07636363636363637,0.3333333333333333,0.7272727272727273,0.5454545454545454,0.4840764331210191,0.06521739130434782,0.5245901639344263,0.9,0.9875,1.0,1.0,1.0,1.0,0.9329608938547487,0.9436619718309859,0.7272727272727273,0.5714285714285714
0.5174603174603175,0.3125,0.75,0.4198473282442748,0.28044280442804426,0.4,0.42857142857142855,0.12642802741812642,0.034545454545454546,0.3333333333333333,0.7272727272727273,0.5454545454545454,0.15923566878980894,0.08695652173913043,0.45901639344262296,0.85,0.98125,1.0,0.7,0.9500000000000001,1.0,0.6145251396648046,0.6244131455399061,0.7272727272727273,0.42857142857142855
0.2492063492063492,0.47500000000000003,0.5714285714285714,0.26717557251908397,0.16605166051660517,0.26666666666666666,0.2857142857142857,0.044173648134044174,0.012727272727272728,0.3333333333333333,0.7272727272727273,0.4545454545454546,0.14012738853503184,0.043478260869565216,0.22950819672131148,1.0,1.0,1.0,0.75,0.8083333333333333,0.933333333333333,0.34636871508379896,0.3521126760563379,0.7272727272727273,0.2857142857142857
0.12380952380952381,0.2,0.6428571428571428,0.6641221374045801,0.09594095940959409,0.6,0.6428571428571428,0.03884234577303884,0.011818181818181818,0.3333333333333333,0.6363636363636364,0.36363636363636365,0.46496815286624205,0.043478260869565216,0.3114754098360656,0.95,0.9928571428571429,1.0,0.9,0.9888888888888889,1.0,0.8882681564245809,0.9014084507042254,0.6363636363636364,0.6428571428571428
0.22380952380952382,0.42500000000000004,0.7857142857142857,0.34351145038167935,0.2029520295202952,0.3333333333333333,0.3571428571428571,0.09291698400609293,0.07363636363636364,0.3333333333333333,0.7272727272727273,0.4545454545454546,0.356687898089172,0.08695652173913043,0.39344262295081966,0.8,0.975,1.0,0.6,0.8558333333333333,1.0,0.3072625698324024,0.3098591549295773,0.7272727272727273,0.3571428571428571
0.2015873015873016,0.19375,0.6071428571428571,0.5725190839694656,0.08856088560885608,0.5333333333333333,0.5714285714285714,0.05178979436405179,0.022727272727272728,0.25,0.7272727272727273,0.4545454545454546,0.2229299363057325,0.043478260869565216,0.5245901639344263,0.85,0.98125,1.0,1.0,1.0,1.0,0.8826815642458101,0.8967136150234741,0.7272727272727273,0.5714285714285714
0.17460317460317462,0.2,0.6785714285714285,0.3053435114503817,0.08487084870848709,0.3333333333333333,0.3571428571428571,0.04188880426504189,0.022727272727272728,0.3333333333333333,0.7272727272727273,0.36363636363636365,0.2929936305732484,0.021739130434782608,0.22950819672131148,0.85,0.98125,1.0,0.4375,0.8625,1.0,0.3407821229050281,0.34741784037558665,0.7272727272727273,0.3571428571428571
0.07460317460317462,0.08125,0.7142857142857142,0.3053435114503817,0.1070110701107011,0.3333333333333333,0.3571428571428571,0.04493526275704494,0.028181818181818183,0.3333333333333333,0.7272727272727273,0.4545454545454546,0.3885350318471338,0.043478260869565216,0.18032786885245902,0.85,0.98125,1.0,0.875,0.975,1.0,0.7486033519553073,0.7652582159624414,0.7272727272727273,0.3571428571428571
0.4111111111111111,0.29375,0.9642857142857142,0.40458015267175573,0.5055350553505535,0.4,0.42857142857142855,0.130997715156131,0.028181818181818183,0.3333333333333333,0.6363636363636364,0.4545454545454546,0.4267515923566879,0.06521739130434782,0.29508196721311475,0.9,0.9857142857142858,1.0,0.4,0.8791666666666668,1.0,0.35754189944134085,0.3615023474178404,0.6363636363636364,0.42857142857142855
0.25396825396825395,0.7375,0.75,0.8396946564885496,0.14760147601476015,0.6666666666666666,0.8571428571428571,0.08225437928408226,0.02909090909090909,0.3333333333333333,0.7272727272727273,0.4545454545454546,0.6560509554140128,0.043478260869565216,0.5409836065573771,0.85,0.98125,1.0,0.5,0.9583333333333334,1.0,0.6089385474860336,0.6197183098591549,0.7272727272727273,0.8571428571428571
0.11904761904761905,0.2,0.5357142857142857,0.42748091603053434,0.11808118081180811,0.4666666666666667,0.5,0.057882711348057884,0.016363636363636365,0.3333333333333333,0.6363636363636364,0.2727272727272727,0.10828025477707007,0.08695652173913043,0.26229508196721313,0.75,0.9642857142857143,1.0,1.0,1.0,1.0,0.798882681564246,0.8122065727699529,0.6363636363636364,0.5
0.30158730158730157,0.48125,0.75,0.6259541984732824,0.15867158671586715,0.5333333333333333,0.5714285714285714,0.09367859862909368,0.03909090909090909,0.3333333333333333,0.7272727272727273,0.4545454545454546,0.6687898089171975,0.021739130434782608,0.49180327868852464,0.85,0.98125,1.0,0.4,0.925,1.0,0.46927374301675995,0.4741784037558686,0.7272727272727273,0.5714285714285714
0.10793650793650794,0.26875,0.6785714285714285,0.6717557251908397,0.11070110701107011,0.6666666666666666,0.7142857142857142,0.08682406702208682,0.042727272727272725,0.3333333333333333,0.7272727272727273,0.5454545454545454,0.7707006369426752,0.08695652173913043,0.3442622950819672,0.9,0.9875,1.0,0.7,0.97,1.0,0.7318435754189945,0.7511737089201879,0.7272727272727273,0.7142857142857142
0.10793650793650794,0.2625,0.6071428571428571,0.47328244274809156,0.1070110701107011,0.5333333333333333,0.5714285714285714,0.019801980198019802,0.02,0.25,0.6363636363636364,0.36363636363636365,0.36305732484076436,0.08695652173913043,0.36065573770491804,0.9,0.9857142857142858,1.0,0.8125,0.9765625,1.0,0.770949720670391,0.7840375586854459,0.6363636363636364,0.5714285714285714
0.22380952380952382,0.1375,0.5357142857142857,0.282442748091603,0.1033210332103321,0.26666666666666666,0.2857142857142857,0.048743335872048744,0.03,0.25,0.6363636363636364,0.36363636363636365,0.06369426751592357,0.15217391304347827,0.42622950819672134,0.9,0.9857142857142858,1.0,0.0625,0.6239583333333333,1.0,0.14525139664804476,0.12676056338028174,0.6363636363636364,0.2857142857142857
0.2142857142857143,0.1875,0.8571428571428571,0.26717557251908397,0.16974169741697417,0.26666666666666666,0.2857142857142857,0.09977151561309977,0.057272727272727274,0.3333333333333333,0.8181818181818182,0.5454545454545454,0.1656050955414013,0.043478260869565216,0.3442622950819672,1.0,1.0,1.0,0.8125,0.953125,1.0,0.8324022346368716,0.8450704225352111,0.8181818181818182,0.2857142857142857
0.15873015873015875,0.33125000000000004,0.6785714285714285,0.5572519083969465,0.1033210332103321,0.5333333333333333,0.5714285714285714,0.048743335872048744,0.03363636363636364,0.3333333333333333,0.8181818181818182,0.4545454545454546,0.554140127388535,0.08695652173913043,0.3114754098360656,0.9,0.9888888888888889,1.0,1.0,1.0,1.0,0.9385474860335197,0.9483568075117371,0.8181818181818182,0.5714285714285714
0.2920634920634921,0.28125,0.6785714285714285,0.4427480916030534,0.16974169741697417,0.4,0.5,0.08377760853008379,0.015454545454545455,0.3333333333333333,0.6363636363636364,0.4545454545454546,0.4713375796178344,0.3913043478260869,0.29508196721311475,0.85,0.9785714285714285,1.0,0.6,0.9071428571428571,1.0,0.3854748603351955,0.3896713615023474,0.6363636363636364,0.5
0.26666666666666666,0.23750000000000002,0.7142857142857142,0.6793893129770993,0.16236162361623616,0.6,0.6428571428571428,0.08987052551408987,0.02,0.25,0.6363636363636364,0.36363636363636365,0.4968152866242038,0.043478260869565216,0.26229508196721313,0.95,0.9928571428571429,1.0,1.0,1.0,1.0,0.9888268156424582,0.9906103286384976,0.6363636363636364,0.6428571428571428
0.2380952380952381,0.13125,0.6071428571428571,0.6030534351145038,0.14760147601476015,0.6,0.6428571428571428,0.05864432597105865,0.03090909090909091,0.3333333333333333,0.8181818181818182,0.4545454545454546,0.6114649681528663,0.021739130434782608,0.3442622950819672,0.85,0.9833333333333333,1.0,1.0,1.0,1.0,0.8994413407821229,0.9107981220657276,0.8181818181818182,0.6428571428571428
0.11587301587301588,0.11875000000000001,0.75,0.38167938931297707,0.1143911439114391,0.4,0.42857142857142855,0.05255140898705255,0.013636363636363636,0.3333333333333333,0.8181818181818182,0.4545454545454546,0.32484076433121023,0.021739130434782608,0.26229508196721313,0.85,0.9833333333333333,1.0,0.875,0.9791666666666666,1.0,0.787709497206704,0.8028169014084506,0.8181818181818182,0.42857142857142855
0.20793650793650795,0.20625000000000002,0.7142857142857142,0.8091603053435115,0.2177121771217712,0.7333333333333333,0.7857142857142857,0.04341203351104341,0.038181818181818185,0.3333333333333333,0.6363636363636364,0.36363636363636365,0.554140127388535,0.021739130434782608,0.6065573770491803,0.9,0.9857142857142858,1.0,0.6,0.9636363636363636,1.0,0.6815642458100559,0.6854460093896712,0.6363636363636364,0.7857142857142857
0.20476190476190476,0.28125,0.6071428571428571,0.3282442748091603,0.16974169741697417,0.3333333333333333,0.3571428571428571,0.08682406702208682,0.03909090909090909,0.3333333333333333,0.7272727272727273,0.5454545454545454,0.15286624203821658,0.10869565217391304,0.3770491803278689,0.5,0.925,1.0,0.875,0.975,1.0,0.3910614525139665,0.3943661971830985,0.7272727272727273,0.3571428571428571
0.16984126984126985,0.21875,0.6785714285714285,0.3282442748091603,0.11808118081180811,0.3333333333333333,0.3571428571428571,0.03427265803503427,0.02090909090909091,0.25,0.8181818181818182,0.4545454545454546,0.3439490445859873,0.043478260869565216,0.36065573770491804,0.5,0.9277777777777777,1.0,0.625,0.925,1.0,0.2849162011173185,0.2863849765258215,0.8181818181818182,0.3571428571428571
0.24603174603174605,0.13125,0.75,0.7938931297709924,0.13653136531365312,0.5333333333333333,0.7857142857142857,0.06778370144706779,0.01818181818181818,0.3333333333333333,0.7272727272727273,0.6363636363636364,0.21019108280254778,0.08695652173913043,0.3278688524590164,0.8,0.975,1.0,0.4,0.9454545454545454,1.0,0.5139664804469275,0.5258215962441314,0.7272727272727273,0.7857142857142857
0.4666666666666667,0.0125,0.6071428571428571,0.648854961832061,0.2066420664206642,0.6,0.6428571428571428,0.05178979436405179,0.004545454545454545,0.3333333333333333,0.6363636363636364,0.18181818181818182,0.2484076433121019,0.10869565217391304,0.7540983606557378,0.5,0.9,1.0,1.0,1.0,1.0,0.4972067039106146,0.5070422535211269,0.6363636363636364,0.6428571428571428
0.17936507936507937,0.2625,0.75,0.6564885496183206,0.1033210332103321,0.6,0.6428571428571428,0.07387661843107388,0.0809090909090909,0.16666666666666666,0.6363636363636364,0.36363636363636365,0.4840764331210191,0.15217391304347827,0.639344262295082,0.9,0.9857142857142858,1.0,1.0,1.0,1.0,0.9329608938547487,0.9436619718309859,0.6363636363636364,0.6428571428571428
0.24603174603174605,0.05,0.75,0.6641221374045801,0.07749077490774907,0.6666666666666666,0.7142857142857142,0.024371667936024372,0.02,0.25,0.8181818181818182,0.4545454545454546,0.267515923566879,0.021739130434782608,0.5245901639344263,0.9,0.9888888888888889,1.0,1.0,1.0,1.0,0.9497206703910615,0.9577464788732394,0.8181818181818182,0.7142857142857142
0.3603174603174603,0.30000000000000004,0.7142857142857142,0.6106870229007634,0.3099630996309963,0.6,0.6428571428571428,0.13632901751713633,0.006363636363636364,0.16666666666666666,0.9090909090909092,0.4545454545454546,0.49044585987261147,0.19565217391304346,0.4426229508196722,0.9,0.99,1.0,0.55,0.9500000000000001,1.0,0.6592178770949721,0.6619718309859154,0.9090909090909092,0.6428571428571428
0.10952380952380952,0.24375000000000002,0.8571428571428571,0.8931297709923663,0.12915129151291513,1.0,1.0,0.06397562833206398,0.04,0.3333333333333333,0.7272727272727273,0.4545454545454546,0.29936305732484075,0.043478260869565216,0.45901639344262296,0.5,0.91875,1.0,1.0,1.0,1.0,0.6424581005586594,0.6478873239436619,0.7272727272727273,1.0
0.2968253968253968,0.28125,0.8928571428571428,0.5572519083969465,0.2952029520295203,0.5333333333333333,0.5714285714285714,0.07692307692307693,0.02727272727272727,0.3333333333333333,0.8181818181818182,0.5454545454545454,0.4840764331210191,0.08695652173913043,0.3278688524590164,1.0,1.0,1.0,1.0,1.0,1.0,1.0,0.9999999999999999,0.8181818181818182,0.5714285714285714
0.24603174603174605,0.1875,0.8214285714285714,0.5114503816793893,0.2140221402214022,0.6,0.5714285714285714,0.06930693069306931,0.035454545454545454,0.3333333333333333,0.7272727272727273,0.4545454545454546,0.21656050955414013,0.4782608695652174,0.24590163934426232,0.95,0.99375,1.0,1.0,1.0,1.0,0.9888268156424582,0.9906103286384976,0.7272727272727273,0.5714285714285714
0.1873015873015873,0.1625,0.7142857142857142,0.648854961832061,0.15498154981549814,0.6,0.7142857142857142,0.12414318354912414,0.04818181818181818,0.08333333333333333,0.6363636363636364,0.36363636363636365,0.713375796178344,0.17391304347826086,0.4098360655737705,0.9,0.9857142857142858,1.0,1.0,1.0,1.0,0.9385474860335197,0.9483568075117371,0.6363636363636364,0.7142857142857142
0.42063492063492064,0.325,0.8214285714285714,0.648854961832061,0.33579335793357934,0.6,0.6428571428571428,0.07768469154607768,0.02181818181818182,0.3333333333333333,0.7272727272727273,0.5454545454545454,0.6496815286624205,0.19565217391304346,0.42622950819672134,0.9,0.9875,1.0,0.4,0.9333333333333333,1.0,0.5195530726256984,0.5305164319248826,0.7272727272727273,0.6428571428571428
0.18253968253968256,0.24375000000000002,0.7142857142857142,0.5267175572519084,0.0996309963099631,0.4666666666666667,0.5,0.03351104341203351,0.026363636363636363,0.3333333333333333,0.7272727272727273,0.4545454545454546,0.5031847133757962,0.06521739130434782,0.3442622950819672,0.85,0.98125,1.0,0.5,0.9285714285714286,1.0,0.5027932960893856,0.5117370892018779,0.7272727272727273,0.5
0.326984126984127,0.42500000000000004,0.6785714285714285,0.3893129770992366,0.2103321033210332,0.3333333333333333,0.3571428571428571,0.13328255902513328,0.060909090909090906,0.3333333333333333,0.7272727272727273,0.4545454545454546,0.35031847133757965,0.13043478260869565,0.21311475409836067,0.85,0.98125,1.0,1.0,1.0,1.0,0.8547486033519553,0.8732394366197181,0.7272727272727273,0.3571428571428571
0.4031746031746032,0.39375000000000004,0.8571428571428571,0.7862595419847328,0.28413284132841327,0.8,0.8571428571428571,0.1012947448591013,0.026363636363636363,0.3333333333333333,0.6363636363636364,0.36363636363636365,0.4012738853503185,0.043478260869565216,0.5409836065573771,0.9,0.9857142857142858,1.0,0.5,0.9322916666666666,1.0,0.46368715083798906,0.4694835680751174,0.6363636363636364,0.8571428571428571
0.2380952380952381,0.17500000000000002,0.7142857142857142,0.4198473282442748,0.1881918819188192,0.4,0.5,0.05026656511805027,0.031818181818181815,0.3333333333333333,1.0,0.5454545454545454,0.36305732484076436,0.13043478260869565,0.42622950819672134,0.75,0.9409090909090909,1.0,0.15,0.8148809523809525,1.0,0.2178770949720671,0.19718309859154926,1.0,0.5
0.13015873015873017,0.2625,0.7142857142857142,0.6717557251908397,0.09225092250922509,0.7333333333333333,0.7142857142857142,0.03731911652703732,0.02090909090909091,0.3333333333333333,0.7272727272727273,0.4545454545454546,0.27388535031847133,0.06521739130434782,0.3770491803278689,0.9,0.9875,1.0,0.65,0.9650000000000001,1.0,0.6927374301675977,0.7089201877934271,0.7272727272727273,0.7142857142857142
0.40634920634920635,0.44375000000000003,0.7142857142857142,0.6259541984732824,0.17343173431734316,0.6,0.6428571428571428,0.11195734958111196,0.031818181818181815,0.3333333333333333,0.7272727272727273,0.5454545454545454,0.7197452229299364,0.10869565217391304,0.5081967213114754,0.9,0.9875,1.0,0.9,0.9888888888888889,1.0,0.8491620111731844,0.8685446009389671,0.7272727272727273,0.6428571428571428
0.20952380952380953,0.36250000000000004,0.8928571428571428,0.4351145038167939,0.14391143911439114,0.4666666666666667,0.5,0.05407463823305408,0.03,0.3333333333333333,0.9090909090909092,0.5454545454545454,0.24203821656050956,0.06521739130434782,0.36065573770491804,1.0,1.0,1.0,0.875,0.9821428571428571,1.0,0.9162011173184359,0.9295774647887324,0.9090909090909092,0.5
0.12063492063492064,0.125,0.7142857142857142,0.5801526717557252,0.1033210332103321,0.4,0.42857142857142855,0.06473724295506474,0.011818181818181818,0.3333333333333333,0.7272727272727273,0.5454545454545454,0.33757961783439494,0.021739130434782608,0.19672131147540983,0.9,0.9875,1.0,1.0,1.0,1.0,0.9217877094972067,0.9342723004694836,0.7272727272727273,0.42857142857142855
0.25555555555555554,0.15000000000000002,0.6785714285714285,0.6030534351145038,0.09594095940959409,0.6,0.5714285714285714,0.07235338918507235,0.026363636363636363,0.16666666666666666,0.8181818181818182,0.5454545454545454,0.3121019108280255,0.08695652173913043,0.5409836065573771,0.9,0.9888888888888889,1.0,1.0,1.0,1.0,0.9385474860335197,0.9483568075117371,0.8181818181818182,0.5714285714285714
0.28253968253968254,0.1875,0.7142857142857142,0.5419847328244275,0.19188191881918817,0.4666666666666667,0.5,0.13252094440213252,0.01818181818181818,0.3333333333333333,0.7272727272727273,0.4545454545454546,0.3694267515923567,0.15217391304347827,0.39344262295081966,0.85,0.98125,1.0,0.8,0.9249999999999999,1.0,0.4860335195530727,0.49295774647887336,0.7272727272727273,0.5
0.10158730158730159,0.16875,0.6428571428571428,0.34351145038167935,0.17712177121771217,0.26666666666666666,0.3571428571428571,0.0654988575780655,0.015454545454545455,0.3333333333333333,0.6363636363636364,0.36363636363636365,0.32484076433121023,0.043478260869565216,0.3114754098360656,0.9,0.9857142857142858,1.0,0.7,0.8383333333333335,1.0,0.26815642458100564,0.26760563380281677,0.6363636363636364,0.3571428571428571
0.1523809523809524,0.17500000000000002,0.7142857142857142,0.6183206106870229,0.14022140221402213,0.6,0.6428571428571428,0.035034272658035034,0.031818181818181815,0.3333333333333333,0.9090909090909092,0.4545454545454546,0.5923566878980892,0.08695652173913043,0.4754098360655738,0.85,0.985,1.0,0.8125,0.9791666666666666,1.0,0.8044692737430168,0.8169014084507041,0.9090909090909092,0.6428571428571428
0.16984126984126985,0.225,0.7142857142857142,0.4427480916030534,0.13284132841328414,0.4666666666666667,0.5,0.06169078446306169,0.019090909090909092,0.3333333333333333,0.7272727272727273,0.5454545454545454,0.47770700636942676,0.10869565217391304,0.26229508196721313,0.85,0.98125,1.0,1.0,1.0,1.0,0.8715083798882681,0.8873239436619716,0.7272727272727273,0.5
0.3047619047619048,0.46875,0.8214285714285714,0.37404580152671757,0.25830258302583026,0.4666666666666667,0.42857142857142855,0.15917745620715917,0.05272727272727273,0.3333333333333333,0.8181818181818182,0.4545454545454546,0.4267515923566879,0.15217391304347827,0.5245901639344263,0.85,0.9833333333333333,1.0,1.0,1.0,1.0,0.8715083798882681,0.8873239436619716,0.8181818181818182,0.42857142857142855
0.3190476190476191,0.15625,0.6785714285714285,0.5419847328244275,0.14391143911439114,0.5333333333333333,0.5714285714285714,0.07235338918507235,0.028181818181818183,0.25,0.8181818181818182,0.4545454545454546,0.35031847133757965,0.06521739130434782,0.42622950819672134,0.85,0.9833333333333333,1.0,0.625,0.9114583333333334,1.0,0.44134078212290506,0.45070422535211263,0.8181818181818182,0.5714285714285714
0.19841269841269843,0.41875,0.6785714285714285,0.5343511450381679,0.11808118081180811,0.5333333333333333,0.5714285714285714,0.053313023610053314,0.02181818181818182,0.3333333333333333,0.7272727272727273,0.4545454545454546,0.2611464968152866,0.06521739130434782,0.27868852459016397,1.0,1.0,1.0,1.0,1.0,1.0,1.0,0.9999999999999999,0.7272727272727273,0.5714285714285714
0.14603174603174604,0.05,0.7142857142857142,0.6183206106870229,0.1143911439114391,0.6,0.6428571428571428,0.02817974105102818,0.02,0.25,0.8181818181818182,0.4545454545454546,0.22929936305732485,0.0,0.24590163934426232,0.5,0.9333333333333333,1.0,0.6,0.9555555555555555,1.0,0.3966480446927374,0.39906103286384975,0.8181818181818182,0.6428571428571428
0.2888888888888889,0.23125,0.7142857142857142,0.6259541984732824,0.2952029520295203,0.6,0.6428571428571428,0.060167555217060166,0.012727272727272728,0.5,0.7272727272727273,0.4545454545454546,0.7579617834394905,0.13043478260869565,0.3770491803278689,0.95,0.99375,1.0,0.6,0.9555555555555555,1.0,0.6871508379888269,0.7042253521126759,0.7272727272727273,0.6428571428571428
0.10634920634920636,0.225,0.75,0.5725190839694656,0.05904059040590406,0.4666666666666667,0.5,0.044173648134044174,0.007272727272727273,0.3333333333333333,0.7272727272727273,0.4545454545454546,0.27388535031847133,0.08695652173913043,0.27868852459016397,0.85,0.98125,1.0,1.0,1.0,1.0,0.8715083798882681,0.8873239436619716,0.7272727272727273,0.5
0.06825396825396826,0.06875,0.2857142857142857,0.03816793893129771,0.02952029520295203,0.06666666666666667,0.07142857142857142,0.007616146230007616,0.008181818181818182,0.16666666666666666,0.36363636363636365,0.09090909090909091,0.038216560509554146,0.043478260869565216,0.0819672131147541,0.5,0.8375,1.0,1.0,1.0,1.0,0.16759776536312865,0.14553990610328638,0.36363636363636365,0.07142857142857142
0.21904761904761905,0.2625,0.6071428571428571,0.3129770992366412,0.11808118081180811,0.3333333333333333,0.3571428571428571,0.04036557501904037,0.024545454545454544,0.3333333333333333,0.7272727272727273,0.36363636363636365,0.1656050955414013,0.043478260869565216,0.1639344262295082,0.95,0.99375,1.0,0.866666666666667,0.9091666666666669,1.0,0.547486033519553,0.5539906103286384,0.7272727272727273,0.3571428571428571
0.09206349206349207,0.25625000000000003,0.46428571428571425,0.5267175572519084,0.09225092250922509,0.4666666666666667,0.5,0.03808073115003808,0.015454545454545455,0.25,0.4545454545454546,0.2727272727272727,0.39490445859872614,0.13043478260869565,0.3770491803278689,0.85,0.97,1.0,0.35,0.9071428571428571,1.0,0.3240223463687152,0.328638497652582,0.4545454545454546,0.5
0.09365079365079365,0.1,0.42857142857142855,0.33587786259541985,0.07749077490774907,0.2,0.21428571428571427,0.012185833968012186,0.01818181818181818,0.3333333333333333,0.5454545454545454,0.2727272727272727,0.1337579617834395,0.043478260869565216,0.09836065573770492,0.9,0.9833333333333334,1.0,0.8125,0.8930555555555557,1.0,0.47486033519553084,0.47887323943661986,0.5454545454545454,0.21428571428571427
0.08730158730158731,0.09375,0.42857142857142855,0.3893129770992366,0.08118081180811808,0.3333333333333333,0.3571428571428571,0.062452399086062454,0.02,0.25,0.36363636363636365,0.09090909090909091,0.4713375796178344,0.043478260869565216,0.18032786885245902,0.85,0.9625,1.0,1.0,1.0,1.0,0.8156424581005588,0.8262910798122066,0.36363636363636365,0.3571428571428571
0.22857142857142856,0.275,0.8214285714285714,0.08396946564885496,0.08118081180811808,0.13333333333333333,0.14285714285714285,0.03198781416603199,0.022727272727272728,0.25,0.4545454545454546,0.18181818181818182,0.06369426751592357,0.10869565217391304,0.4426229508196722,0.9,0.9800000000000001,1.0,1.0,1.0,1.0,0.8379888268156426,0.8497652582159624,0.4545454545454546,0.14285714285714285
0.14285714285714285,0.28125,0.5357142857142857,0.2213740458015267,0.15498154981549814,0.26666666666666666,0.21428571428571427,0.055597867479055596,0.005454545454545455,0.3333333333333333,0.6363636363636364,0.4545454545454546,0.33757961783439494,0.06521739130434782,0.14754098360655737,0.5,0.8428571428571429,1.0,0.6875,0.8125,1.0,0.1061452513966481,0.09389671361502339,0.6363636363636364,0.21428571428571427
0.2698412698412698,0.225,0.5714285714285714,0.3053435114503817,0.08118081180811808,0.4,0.3571428571428571,0.055597867479055596,0.02090909090909091,0.25,0.5454545454545454,0.2727272727272727,0.35031847133757965,0.19565217391304346,0.3442622950819672,0.85,0.975,1.0,0.8,0.9099999999999999,1.0,0.4078212290502793,0.4084507042253521,0.5454545454545454,0.3571428571428571
0.06666666666666667,0.0625,0.3571428571428571,0.24427480916030533,0.06273062730627306,0.26666666666666666,0.2857142857142857,0.025133282559025135,0.0,0.3333333333333333,0.4545454545454546,0.2727272727272727,0.10191082802547771,0.08695652173913043,0.18032786885245902,0.5,0.76,1.0,0.866666666666667,0.9666666666666668,1.0,0.13407821229050287,0.11737089201877937,0.4545454545454546,0.2857142857142857
0.25555555555555554,0.09375,0.5714285714285714,0.3129770992366412,0.13653136531365312,0.3333333333333333,0.3571428571428571,0.05635948210205636,0.04454545454545455,0.41666666666666663,0.5454545454545454,0.18181818181818182,0.267515923566879,0.06521739130434782,0.26229508196721313,0.8,0.9666666666666667,1.0,0.75,0.95,1.0,0.5251396648044693,0.5352112676056339,0.5454545454545454,0.3571428571428571
0.2492063492063492,0.26875,0.5714285714285714,0.5419847328244275,0.12546125461254612,0.4,0.5,0.06169078446306169,0.03727272727272727,0.25,0.4545454545454546,0.18181818181818182,0.356687898089172,0.021739130434782608,0.4426229508196722,0.95,0.99,1.0,1.0,1.0,1.0,0.9664804469273744,0.9718309859154929,0.4545454545454546,0.5
0.20317460317460317,0.36250000000000004,0.5714285714285714,0.3893129770992366,0.09594095940959409,0.4,0.3571428571428571,0.11881188118811882,0.031818181818181815,0.3333333333333333,0.6363636363636364,0.5454545454545454,0.11464968152866242,0.08695652173913043,0.45901639344262296,0.95,0.9928571428571429,1.0,0.6,0.9199999999999999,1.0,0.5586592178770949,0.5633802816901409,0.6363636363636364,0.3571428571428571
0.4857142857142857,0.11875000000000001,0.6071428571428571,0.5038167938931297,0.4354243542435424,0.6,0.6428571428571428,0.1728865194211729,0.05454545454545454,0.3333333333333333,0.2727272727272727,0.4545454545454546,0.42038216560509556,0.06521739130434782,0.36065573770491804,1.0,1.0,1.0,0.8125,0.9717592592592593,1.0,0.7430167597765365,0.7605633802816901,0.2727272727272727,0.6428571428571428
0.15555555555555556,0.1375,0.5714285714285714,0.34351145038167935,0.08118081180811808,0.3333333333333333,0.3571428571428571,0.04493526275704494,0.0,0.25,0.7272727272727273,0.36363636363636365,0.35031847133757965,0.06521739130434782,0.3114754098360656,0.5,0.8625,1.0,0.75,0.9099999999999999,1.0,0.18994413407821242,0.16431924882629112,0.7272727272727273,0.3571428571428571
0.16507936507936508,0.2625,0.6071428571428571,0.6259541984732824,0.12177121771217712,0.6666666666666666,0.7142857142857142,0.06321401370906321,0.025454545454545455,0.3333333333333333,0.8181818181818182,0.36363636363636365,0.4267515923566879,0.08695652173913043,0.5901639344262295,0.9,0.9888888888888889,1.0,1.0,1.0,1.0,0.9497206703910615,0.9577464788732394,0.8181818181818182,0.7142857142857142
0.16984126984126985,0.13125,0.6071428571428571,0.7480916030534351,0.09225092250922509,0.8666666666666667,0.8571428571428571,0.02361005331302361,0.02181818181818182,0.3333333333333333,0.6363636363636364,0.36363636363636365,0.9363057324840764,0.021739130434782608,0.4426229508196722,0.85,0.9785714285714285,1.0,1.0,1.0,1.0,0.9050279329608939,0.9154929577464789,0.6363636363636364,0.8571428571428571
0.20952380952380953,0.30625,0.6428571428571428,0.34351145038167935,0.14760147601476015,0.4,0.42857142857142855,0.12033511043412033,0.08181818181818182,0.16666666666666666,0.6363636363636364,0.4545454545454546,0.3821656050955414,0.06521739130434782,0.36065573770491804,0.9,0.9857142857142858,1.0,0.6875,0.9034722222222221,1.0,0.4301675977653632,0.44131455399061015,0.6363636363636364,0.42857142857142855
0.18571428571428572,0.23750000000000002,0.6785714285714285,0.6030534351145038,0.19188191881918817,0.5333333333333333,0.5714285714285714,0.13861386138613863,0.026363636363636363,0.3333333333333333,0.6363636363636364,0.36363636363636365,0.445859872611465,0.10869565217391304,0.3442622950819672,0.9,0.9857142857142858,1.0,0.8,0.975,1.0,0.7653631284916202,0.7793427230046949,0.6363636363636364,0.5714285714285714
0.04285714285714286,0.043750000000000004,0.07142857142857142,0.11450381679389313,0.014760147601476014,0.2,0.21428571428571427,0.003808073115003808,0.0,0.0,0.2727272727272727,0.0,0.025477707006369428,0.06521739130434782,0.11475409836065574,0.5,0.5833333333333334,0.75,1.0,1.0,1.0,0.06703910614525144,0.05633802816901401,0.2727272727272727,0.21428571428571427
0.09365079365079365,0.19375,0.5,0.5343511450381679,0.11070110701107011,0.5333333333333333,0.5714285714285714,0.05178979436405179,0.03272727272727273,0.3333333333333333,0.4545454545454546,0.18181818181818182,0.28662420382165604,0.043478260869565216,0.39344262295081966,0.9,0.9800000000000001,1.0,0.875,0.984375,1.0,0.8100558659217878,0.8215962441314554,0.4545454545454546,0.5714285714285714
0.1349206349206349,0.06875,0.6071428571428571,0.5114503816793893,0.06273062730627306,0.3333333333333333,0.3571428571428571,0.026656511805026657,0.015454545454545455,0.3333333333333333,0.6363636363636364,0.4545454545454546,0.5222929936305732,0.043478260869565216,0.14754098360655737,0.85,0.9785714285714285,1.0,0.5,0.8066666666666666,1.0,0.25139664804469286,0.2441314553990609,0.6363636363636364,0.3571428571428571
0.08730158730158731,0.0625,0.3571428571428571,0.282442748091603,0.06642066420664207,0.2,0.21428571428571427,0.051028179741051026,0.035454545454545454,0.08333333333333333,0.36363636363636365,0.18181818181818182,0.14012738853503184,0.021739130434782608,0.24590163934426232,1.0,1.0,1.0,1.0,1.0,1.0,1.0,0.9999999999999999,0.36363636363636365,0.21428571428571427
0.16031746031746033,0.1625,0.5714285714285714,0.5572519083969465,0.12177121771217712,0.5333333333333333,0.5714285714285714,0.04341203351104341,0.02727272727272727,0.3333333333333333,0.5454545454545454,0.36363636363636365,0.6624203821656052,0.06521739130434782,0.27868852459016397,0.9,0.9833333333333334,1.0,1.0,1.0,1.0,0.9217877094972067,0.9342723004694836,0.5454545454545454,0.5714285714285714
0.06984126984126984,0.018750000000000003,0.42857142857142855,0.20610687022900762,0.02952029520295203,0.2,0.21428571428571427,0.0030464584920030465,0.016363636363636365,0.16666666666666666,0.36363636363636365,0.18181818181818182,0.21656050955414013,0.021739130434782608,0.21311475409836067,0.5,0.875,1.0,0.666666666666667,0.8055555555555557,1.0,0.12290502793296099,0.107981220657277,0.36363636363636365,0.21428571428571427
0.03492063492063492,0.0,0.03571428571428571,0.35877862595419846,0.055350553505535055,0.4666666666666667,0.5,0.025133282559025135,0.0,0.16666666666666666,0.2727272727272727,0.09090909090909091,0.15923566878980894,0.021739130434782608,0.21311475409836067,0.5,0.6666666666666666,1.0,0.5,0.8904761904761903,1.0,0.08938547486033532,0.07981220657276988,0.2727272727272727,0.5
0.14603174603174604,0.23750000000000002,0.2857142857142857,0.09923664122137404,0.07380073800738007,0.13333333333333333,0.14285714285714285,0.030464584920030464,0.0,0.25,0.18181818181818182,0.0,0.089171974522293,0.15217391304347827,0.3114754098360656,0.5,0.7,0.9,0.25,0.625,1.0,0.02793296089385483,0.023474178403755763,0.18181818181818182,0.14285714285714285
0.07142857142857144,0.025,0.42857142857142855,0.4351145038167939,0.02952029520295203,0.4,0.42857142857142855,0.0015232292460015233,0.0,0.25,0.2727272727272727,0.18181818181818182,0.14012738853503184,0.021739130434782608,0.14754098360655737,0.5,0.8333333333333334,1.0,0.0,0.8333333333333334,1.0,0.36312849162011174,0.3661971830985915,0.2727272727272727,0.42857142857142855
0.26825396825396824,0.15000000000000002,0.0,0.0,0.4243542435424354,0.0,0.0,0.7646610814927647,0.0036363636363636364,0.25,0.0,0.0,0.0,0.021739130434782608,0.19672131147540983,0.0,0.0,0.0,0.0,0.0,0.0,0.0,0.0,0.0,0.0
0.18888888888888888,0.1375,0.5714285714285714,0.40458015267175573,0.18081180811808117,0.3333333333333333,0.3571428571428571,0.04341203351104341,0.060909090909090906,0.3333333333333333,0.36363636363636365,0.18181818181818182,0.37579617834394907,0.06521739130434782,0.3278688524590164,1.0,1.0,1.0,0.6,0.8799999999999999,1.0,0.3296089385474862,0.33333333333333315,0.36363636363636365,0.3571428571428571
0.0,0.0,0.0,0.0,0.0,0.0,0.0,0.0,0.0,0.0,0.0,0.0,0.0,0.0,0.0,0.0,0.0,0.0,0.0,0.0,0.0,0.0,0.0,0.0,0.0
0.044444444444444446,0.08125,0.3214285714285714,0.24427480916030533,0.02214022140221402,0.26666666666666666,0.2857142857142857,0.0030464584920030465,0.01090909090909091,0.16666666666666666,0.36363636363636365,0.09090909090909091,0.2611464968152866,0.0,0.11475409836065574,0.5,0.75,1.0,1.0,1.0,1.0,0.17318435754189954,0.1502347417840375,0.36363636363636365,0.2857142857142857
0.01746031746031746,0.00625,0.0,0.0,0.025830258302583026,0.0,0.0,0.003808073115003808,0.0,0.0,0.09090909090909091,0.0,0.0,0.021739130434782608,0.0819672131147541,0.5,0.5,0.5,0.0,0.0,0.0,0.011173184357542054,0.009389671361502261,0.09090909090909091,0.0
0.1126984126984127,0.08125,0.14285714285714285,0.07633587786259542,0.06273062730627306,0.13333333333333333,0.14285714285714285,0.026656511805026657,0.0,0.08333333333333333,0.09090909090909091,0.0,0.07643312101910829,0.021739130434782608,0.24590163934426232,0.5,0.5,0.5,1.0,1.0,1.0,0.10055865921787721,0.08920187793427214,0.09090909090909091,0.14285714285714285
0.023809523809523808,0.0,0.03571428571428571,0.0,0.007380073800738007,0.0,0.0,0.00456968773800457,0.0018181818181818182,0.08333333333333333,0.18181818181818182,0.0,0.0,0.0,0.0,0.5,0.5,0.5,0.0,0.0,0.0,0.011173184357542054,0.009389671361502261,0.18181818181818182,0.0
0.0619047619047619,0.05625,0.10714285714285714,0.03816793893129771,0.055350553505535055,0.06666666666666667,0.07142857142857142,0.02361005331302361,0.0,0.16666666666666666,0.18181818181818182,0.0,0.0445859872611465,0.0,0.11475409836065574,0.5,0.5,0.5,1.0,1.0,1.0,0.033519553072625774,0.028169014084507005,0.18181818181818182,0.07142857142857142
0.007936507936507938,0.00625,0.0,0.0,0.0036900369003690036,0.0,0.0,0.0,0.0,0.0,0.36363636363636365,0.0,0.0,0.0,0.0,0.5,0.5,0.5,0.0,0.0,0.0,0.011173184357542054,0.009389671361502261,0.36363636363636365,0.0
0.05873015873015873,0.018750000000000003,0.10714285714285714,0.07633587786259542,0.02214022140221402,0.06666666666666667,0.07142857142857142,0.024371667936024372,0.0009090909090909091,0.08333333333333333,0.2727272727272727,0.0,0.006369426751592357,0.08695652173913043,0.0819672131147541,0.5,0.5,0.5,0.55,0.55,0.55,0.016759776536312943,0.014084507042253502,0.2727272727272727,0.07142857142857142
0.023809523809523808,0.00625,0.21428571428571427,0.11450381679389313,0.01845018450184502,0.13333333333333333,0.14285714285714285,0.0030464584920030465,0.0,0.16666666666666666,0.18181818181818182,0.0,0.050955414012738856,0.0,0.06557377049180328,0.5,0.5,0.5,0.5,0.75,1.0,0.022346368715083886,0.018779342723004633,0.18181818181818182,0.14285714285714285
0.003174603174603175,0.05,0.0,0.0,0.0,0.0,0.0,0.0,0.0009090909090909091,0.0,0.18181818181818182,0.0,0.0,0.0,0.0,0.5,0.5,0.5,0.0,0.0,0.0,0.011173184357542054,0.009389671361502261,0.18181818181818182,0.0
0.0,0.0,0.0,0.0,0.0,0.0,0.0,0.0,0.0,0.0,0.18181818181818182,0.0,0.0,0.0,0.0,0.5,0.5,0.5,0.0,0.0,0.0,0.011173184357542054,0.009389671361502261,0.18181818181818182,0.0
0.003174603174603175,0.0125,0.0,0.0,0.0,0.0,0.0,0.0,0.0,0.0,0.18181818181818182,0.0,0.0,0.0,0.0,0.5,0.5,0.5,0.0,0.0,0.0,0.011173184357542054,0.009389671361502261,0.18181818181818182,0.0
0.006349206349206349,0.0,0.0,0.0,0.0,0.0,0.0,0.0,0.0,0.0,0.18181818181818182,0.0,0.0,0.0,0.0,0.5,0.5,0.5,0.0,0.0,0.0,0.011173184357542054,0.009389671361502261,0.18181818181818182,0.0
0.012698412698412698,0.0,0.0,0.0,0.0,0.0,0.0,0.0,0.0,0.0,0.18181818181818182,0.0,0.0,0.0,0.0,0.5,0.5,0.5,0.0,0.0,0.0,0.011173184357542054,0.009389671361502261,0.18181818181818182,0.0
0.04126984126984127,0.018750000000000003,0.14285714285714285,0.16030534351145037,0.04428044280442804,0.13333333333333333,0.14285714285714285,0.01827875095201828,0.0027272727272727275,0.0,0.18181818181818182,0.0,0.1910828025477707,0.021739130434782608,0.06557377049180328,0.5,0.5,0.5,0.6875,0.84375,1.0,0.03910614525139672,0.032863849765258135,0.18181818181818182,0.14285714285714285
0.08095238095238096,0.0125,0.14285714285714285,0.19083969465648853,0.19188191881918817,0.26666666666666666,0.2857142857142857,0.01827875095201828,0.0,0.16666666666666666,0.18181818181818182,0.0,0.025477707006369428,0.021739130434782608,0.13114754098360656,0.5,0.5,0.5,0.55,0.8875,1.0,0.05586592178770955,0.04694835680751164,0.18181818181818182,0.2857142857142857
0.004761904761904762,0.05,0.0,0.0,0.0,0.0,0.0,0.0,0.0,0.0,0.2727272727272727,0.0,0.0,0.0,0.01639344262295082,0.5,0.5,0.5,0.0,0.0,0.0,0.011173184357542054,0.009389671361502261,0.2727272727272727,0.0
0.0015873015873015873,0.0,0.0,0.0,0.0,0.0,0.0,0.0,0.0,0.0,0.18181818181818182,0.0,0.0,0.0,0.0,0.5,0.5,0.5,0.0,0.0,0.0,0.011173184357542054,0.009389671361502261,0.18181818181818182,0.0
0.014285714285714285,0.0125,0.03571428571428571,0.0,0.02214022140221402,0.0,0.0,0.006092916984006093,0.0,0.0,0.09090909090909091,0.0,0.0,0.0,0.01639344262295082,0.5,0.5,0.5,0.0,0.0,0.0,0.011173184357542054,0.009389671361502261,0.09090909090909091,0.0
0.0761904761904762,0.018750000000000003,0.14285714285714285,0.11450381679389313,0.055350553505535055,0.2,0.21428571428571427,0.025133282559025135,0.0009090909090909091,0.16666666666666666,0.09090909090909091,0.0,0.12738853503184713,0.0,0.14754098360655737,0.5,0.5,0.5,1.0,1.0,1.0,0.17318435754189954,0.1502347417840375,0.09090909090909091,0.21428571428571427
0.007936507936507938,0.00625,0.0,0.0,0.007380073800738007,0.0,0.0,0.00456968773800457,0.0,0.0,0.09090909090909091,0.0,0.0,0.0,0.0,0.5,0.5,0.5,0.0,0.0,0.0,0.011173184357542054,0.009389671361502261,0.09090909090909091,0.0
0.1,0.08125,0.3214285714285714,0.23664122137404578,0.06273062730627306,0.2,0.21428571428571427,0.012947448591012947,0.011818181818181818,0.25,0.36363636363636365,0.09090909090909091,0.06369426751592357,0.021739130434782608,0.14754098360655737,0.5,0.875,1.0,0.5,0.75,1.0,0.08379888268156443,0.07511737089201864,0.36363636363636365,0.21428571428571427
0.07777777777777778,0.0625,0.5,0.6106870229007634,0.04428044280442804,0.5333333333333333,0.5714285714285714,0.03808073115003808,0.023636363636363636,0.25,0.2727272727272727,0.09090909090909091,0.6050955414012739,0.0,0.19672131147540983,1.0,1.0,1.0,0.3,0.9125,1.0,0.35195530726256996,0.35680751173708924,0.2727272727272727,0.5714285714285714
0.10793650793650794,0.16875,0.5357142857142857,0.0,0.14760147601476015,0.3333333333333333,0.0,0.04341203351104341,0.012727272727272728,0.3333333333333333,0.2727272727272727,0.18181818181818182,0.14012738853503184,0.043478260869565216,0.18032786885245902,1.0,1.0,1.0,0.0,0.0,0.0,1.0,0.9999999999999999,0.2727272727272727,0.0
0.0,0.0,0.0,0.0,0.0,0.0,0.0,0.0,0.0,0.0,0.0,0.0,0.0,0.0,0.0,0.0,0.0,0.0,0.0,0.0,0.0,0.0,0.0,0.0,0.0
0.007936507936507938,0.0,0.0,0.0,0.0,0.0,0.0,0.0,0.0,0.0,0.0,0.0,0.0,0.0,0.0,0.0,0.0,0.0,0.0,0.0,0.0,0.0,0.0,0.0,0.0
0.11111111111111112,0.0625,0.3571428571428571,0.1984732824427481,0.15498154981549814,0.26666666666666666,0.21428571428571427,0.03808073115003808,0.04090909090909091,0.25,0.09090909090909091,0.09090909090909091,0.11464968152866242,0.0,0.13114754098360656,1.0,1.0,1.0,1.0,1.0,1.0,1.0,0.9999999999999999,0.09090909090909091,0.21428571428571427
0.03650793650793651,0.03125,0.17857142857142855,0.03816793893129771,0.033210332103321034,0.06666666666666667,0.07142857142857142,0.011424219345011425,0.014545454545454545,0.16666666666666666,0.09090909090909091,0.09090909090909091,0.006369426751592357,0.0,0.04918032786885246,1.0,1.0,1.0,1.0,1.0,1.0,1.0,0.9999999999999999,0.09090909090909091,0.07142857142857142
0.10634920634920636,0.11875000000000001,0.25,0.15267175572519084,0.07749077490774907,0.2,0.21428571428571427,0.030464584920030464,0.017272727272727273,0.16666666666666666,0.09090909090909091,0.09090909090909091,0.08280254777070065,0.0,0.18032786885245902,1.0,1.0,1.0,0.7,0.9,1.0,0.2793296089385475,0.27699530516431914,0.09090909090909091,0.21428571428571427
0.050793650793650794,0.00625,0.0,0.19083969465648853,0.014760147601476014,0.26666666666666666,0.2857142857142857,0.006854531607006855,0.0,0.0,0.0,0.0,0.08280254777070065,0.021739130434782608,0.13114754098360656,0.0,0.0,0.0,0.55,0.8875,1.0,0.2067039106145252,0.18309859154929575,0.0,0.2857142857142857
0.03492063492063492,0.00625,0.0,0.11450381679389313,0.02214022140221402,0.13333333333333333,0.14285714285714285,0.003808073115003808,0.0,0.0,0.0,0.0,0.012738853503184714,0.0,0.13114754098360656,0.0,0.0,0.0,0.0,0.25,0.5,0.00558659217877111,0.0046948356807511304,0.0,0.14285714285714285
0.004761904761904762,0.0,0.0,0.0,0.0,0.0,0.0,0.0,0.0,0.0,0.0,0.0,0.0,0.0,0.0,0.0,0.0,0.0,0.0,0.0,0.0,0.0,0.0,0.0,0.0
